,org_airport,dest_airport,dist
0,ANC,SEA,1448
1,LAX,PBI,2330
2,SFO,CLT,2296
3,LAX,MIA,2342
4,SEA,ANC,1448
5,SFO,MSP,1589
6,LAS,MSP,1299
7,LAX,CLT,2125
8,SFO,DFW,1464
9,LAS,ATL,1747
10,DEN,ATL,1199
11,LAS,MIA,2174
12,LAX,MSP,1535
13,SLC,ATL,1590
14,SEA,MSP,1399
17,SFO,IAH,1635
18,ANC,PDX,1542
19,PDX,MSP,1426
20,LAS,MCI,1139
21,SEA,MIA,2724
22,LAS,DFW,1055
25,LAX,IAH,1379
26,FAI,SEA,1533
27,MSP,FLL,1487
28,LAS,CLT,1916
29,DEN,MIA,1709
30,PHX,ORD,1440
31,PHX,MIA,1972
34,LAS,IAH,1222
35,LAS,HNL,2762
36,ANC,PHX,2552
37,SJU,EWR,1608
39,SJU,JFK,1598
40,PBG,FLL,1334
41,PHX,DFW,868
44,IAG,FLL,1176
46,PHX,CLT,1773
48,PSE,MCO,1179
49,BQN,EWR,1585
50,BQN,MCO,1129
51,SJU,BOS,1674
52,SJU,MCO,1189
55,SJU,BDL,1666
56,ORD,PHX,1440
57,GEG,SEA,224
58,HNL,ITO,216
59,ONT,SFO,363
60,HNL,KOA,163
62,HNL,OGG,100
63,ORD,IAH,925
64,MCO,MIA,192
65,BOS,MYR,738
66,HIB,MSP,174
67,ABR,MSP,257
68,MAF,IAH,429
69,SEA,PHX,1107
70,DFW,MIA,1121
71,BOS,MIA,1258
72,MKE,IAH,984
73,PDX,PHX,1009
74,IAH,MIA,964
75,BNA,DTW,456
76,BRO,IAH,308
77,VPS,ATL,250
78,BOI,SFO,522
79,BJI,MSP,199
80,HNL,LIH,102
81,BNA,ATL,214
82,SGF,DFW,364
83,PHL,IAH,1325
84,PDX,DEN,991
85,SEA,DEN,1024
86,DEN,DFW,641
87,SBN,ORD,84
88,PHL,MCO,861
89,ORD,FLL,1182
90,RDD,SFO,199
91,EUG,DEN,996
92,SFO,DEN,967
93,ORD,DEN,888
94,IAD,IAH,1190
95,BUF,JFK,301
96,PWM,JFK,273
97,JFK,SJU,1598
98,CRP,IAH,201
99,PIA,DTW,346
100,ORD,DTW,235
101,FAT,LAX,209
102,SMF,DEN,909
103,AUS,LAX,1242
104,BOS,BWI,369
105,ORD,BOS,867
106,PHX,DTW,1671
107,MCI,ATL,692
108,BOS,DTW,632
109,ATL,IAD,534
110,JAX,EWR,820
111,MFR,DEN,964
112,SLC,IAH,1195
113,IDA,DEN,458
114,MSN,DEN,826
115,MKE,DTW,237
116,GEG,DEN,836
117,SEA,IAH,1874
118,DCA,IAH,1208
119,SAT,DFW,247
120,JFK,MIA,1089
121,BOS,PBI,1197
122,BOS,JFK,187
123,JFK,BQN,1576
124,DFW,ATL,731
125,CHS,EWR,628
126,MKE,DEN,896
127,MSP,DEN,680
128,CHS,DFW,987
129,DEN,LAX,862
130,SBA,DEN,916
131,SMX,LAX,134
133,BOS,BUF,395
134,PDX,EWR,2434
135,IND,PHX,1488
136,LAX,DEN,862
137,CLE,IAH,1091
138,BOS,EWR,200
139,DEN,PHX,602
140,MCI,PHX,1044
141,AUS,DFW,190
142,LAX,DFW,1235
143,GSP,ATL,153
144,MCO,EWR,937
145,MCI,IAH,643
146,BDL,IAD,326
147,ABI,DFW,158
148,RIC,IAH,1157
149,BFL,DEN,845
150,SAT,SFO,1482
151,OMA,IAH,781
152,RDM,DEN,898
153,FLL,BDL,1173
154,CID,ATL,694
156,MCO,LAX,2218
157,TPA,EWR,997
158,SEA,DFW,1660
159,BOS,DFW,1562
160,SYR,JFK,209
161,ROC,JFK,264
162,TYR,DFW,102
163,MCI,ORD,403
164,LAN,ORD,179
165,BUF,EWR,282
166,XNA,DFW,280
167,GSO,EWR,445
168,ORD,LGA,733
170,EWR,MIA,1085
171,ONT,DEN,819
173,PBI,IAH,956
174,PHX,IAH,1009
175,RSW,IAH,861
176,EWR,MCO,937
177,OMA,ORD,416
178,SMF,PHX,647
179,OAK,PHX,646
180,PVD,CLT,683
181,RNO,DEN,804
182,PIT,IAH,1117
183,DEN,IAH,862
185,LAS,BWI,2106
186,ABQ,HOU,759
187,PHX,SLC,507
188,PIT,FLL,994
189,PVD,BWI,327
190,SFO,ATL,2139
191,SFO,ORD,1846
193,PDX,IAH,1825
194,BOS,ORD,867
195,SFO,LAX,337
196,SAT,LAX,1211
197,BOS,LAX,2611
198,SEA,EWR,2402
199,LAX,ORD,1744
200,IAH,PHX,1009
201,MCO,PHX,1849
202,SFO,PHX,651
203,DFW,MCO,985
204,MIA,PHL,1013
205,SLC,DFW,989
206,DCA,DFW,1192
207,MIA,DFW,1121
208,BWI,MIA,946
209,DFW,LGA,1389
210,LGA,DFW,1389
211,DEN,ORD,888
212,MCI,DFW,460
213,MCO,DFW,985
215,TUL,DFW,237
216,LGA,MIA,1096
217,LIT,DFW,304
218,MIA,LGA,1096
220,PDX,DFW,1616
221,TPA,DFW,929
222,SMF,DFW,1431
223,MSY,MIA,675
225,OMA,DFW,583
226,OKC,DFW,175
228,FAI,ANC,261
229,SEA,SJC,697
230,SEA,OAK,671
231,PDX,SJC,569
232,LAX,SEA,954
233,PHX,SEA,1107
234,DEN,SEA,1024
236,RSW,JFK,1074
237,PBI,JFK,1028
238,JFK,PBI,1028
239,TPA,JFK,1005
240,FLL,LGA,1076
241,OAK,LGB,353
242,LGA,FLL,1076
243,JFK,MCO,944
244,EWR,FLL,1065
245,JFK,TPA,1005
246,PSE,JFK,1617
247,MSY,JFK,1182
248,AUS,JFK,1521
249,BQN,JFK,1576
250,TPA,BOS,1185
251,JAX,JFK,828
252,DCA,BOS,399
253,JFK,ATL,760
254,LGA,DTW,502
255,RNO,SLC,422
257,BOS,MSP,1124
258,LGA,ATL,762
259,ORD,ATL,606
260,ANC,MSP,2519
261,ATW,ATL,765
262,PHX,ATL,1587
263,PNS,ATL,271
264,MCO,SLC,1931
265,ONT,DFW,1188
266,DCA,MIA,919
267,RIC,ATL,481
268,LAX,ATL,1947
269,BOS,ATL,946
270,LAS,DTW,1749
271,OKC,ATL,761
272,MCO,MSP,1310
273,MEM,ATL,332
274,TUL,ATL,674
275,BWI,DTW,409
276,BOS,PHL,280
277,MCO,LGA,950
278,FLL,JFK,1069
280,BOS,DCA,399
281,TYS,DFW,772
282,MHT,ORD,843
283,SAV,EWR,708
284,MEM,EWR,946
285,CLT,ORD,599
286,TYS,IAD,419
287,GRB,ORD,173
288,ABE,DTW,425
289,JAN,ATL,341
290,OAJ,ATL,399
291,FAR,ORD,557
292,JAN,ORD,677
293,ERI,ORD,398
294,ATW,ORD,160
295,LEX,ORD,323
296,CWA,ORD,212
297,MSO,DEN,679
298,ORD,MIA,1197
299,CLE,FLL,1062
300,IAH,SFO,1635
303,TTN,ATL,701
304,ATL,TTN,701
306,MAF,DFW,309
307,AMA,DFW,312
308,CLL,DFW,164
309,HOU,DFW,247
310,DFW,BTR,383
311,JLN,DFW,327
312,CID,DFW,685
313,MLI,DFW,691
314,GSP,DFW,862
315,RDU,JFK,427
316,CVG,MIA,948
317,MHK,DFW,431
318,MOB,DFW,539
319,TLH,DFW,767
320,PNS,MIA,530
321,BHM,MIA,661
322,CVG,DFW,812
323,CAE,DFW,922
324,TXK,DFW,181
325,OAK,LAS,407
326,DFW,OAK,1457
327,ACY,RSW,982
328,DTW,LGA,502
329,DFW,FLL,1119
330,SMF,LAX,373
331,RAP,DEN,300
332,TUS,SFO,751
333,EAU,ORD,268
334,DLH,ORD,397
335,FSD,ORD,462
336,AUS,SFO,1504
337,FAT,SEA,748
338,ONT,PDX,838
339,INL,BRD,153
340,CMX,ORD,359
341,SMF,SFO,86
342,BOI,LAX,674
343,SPI,ORD,174
344,CLD,LAX,86
345,COD,DEN,391
346,FAT,SFO,158
347,CMH,MIA,990
348,LRD,DFW,396
349,PSC,DEN,852
350,CPR,DEN,230
351,ACV,SFO,250
352,DAL,IAH,216
353,PAH,ORD,342
354,PSC,SFO,620
355,CID,ORD,196
356,EUG,SFO,451
357,DFW,DEN,641
358,MRY,SFO,77
359,SLC,LAX,590
360,ESC,DTW,306
361,MFR,SFO,329
362,FAT,DEN,844
363,SFO,EWR,2565
365,EWR,SFO,2565
366,ISN,DEN,576
368,PSP,SFO,421
369,PSP,DEN,776
370,SAT,IAH,191
371,LAX,EWR,2454
372,LAX,SFO,337
373,CLE,IAD,288
374,CAE,IAD,401
375,PHX,DEN,602
376,SMF,IAH,1609
377,JFK,SFO,2586
378,BOS,PHX,2300
379,BOS,CLT,728
380,DTW,MIA,1145
381,FLL,EWR,1065
383,SAT,STL,786
385,CLE,EWR,404
386,DFW,PHX,868
387,MFE,DFW,469
388,STL,DFW,550
389,SJU,MIA,1045
390,MKE,DFW,853
391,SEA,SFO,679
392,SEA,LAS,867
393,BTV,JFK,266
394,JFK,FLL,1069
395,SFO,LGB,354
396,PBI,BOS,1197
397,MCO,JFK,944
399,BDL,ATL,859
400,RDU,ATL,356
401,SFO,SLC,599
402,TUS,IAH,936
403,PIA,ATL,565
404,IND,DEN,977
405,MCI,DEN,533
407,FSM,DFW,227
408,AEX,DFW,285
409,SPS,DFW,113
410,ACT,DFW,89
411,SJT,DFW,229
412,JAN,DFW,408
414,OKC,LAX,1187
415,FAR,DEN,627
418,MTJ,DEN,196
419,RSW,DTW,1084
420,GCC,RKS,261
421,MSY,EWR,1167
422,ORD,MCO,1005
423,RIC,ORD,642
424,RDM,SFO,462
425,OGG,HNL,100
426,SJC,SLC,584
427,ORD,MBS,222
428,EWR,CLT,529
429,PHX,BWI,1999
430,SEA,IAD,2306
431,LAS,SFO,414
433,BNA,DFW,631
436,LAX,STL,1592
437,OAK,SEA,671
438,SEA,LAX,954
439,BOS,IAD,413
440,LAX,JFK,2475
441,DCA,FLL,899
442,DTW,BOS,632
443,BNA,LAX,1797
444,PHL,ATL,666
445,PHX,MSP,1276
446,SJU,FLL,1046
447,VPS,IAH,528
448,GUC,DEN,152
450,RIC,MIA,825
452,ORF,MIA,802
453,MOT,DEN,604
454,STL,MIA,1068
455,BOS,FLL,1237
456,MLU,IAH,262
457,MAF,DEN,563
458,LAX,LAS,236
459,PDX,ORD,1739
461,KOA,HNL,163
462,EUG,SLC,618
463,RNO,PHX,601
465,CMH,ATL,447
466,HOU,ATL,696
467,HOU,PHX,1020
468,DTW,DFW,986
470,DFW,DCA,1192
471,MSP,DFW,852
472,SEA,SNA,978
473,BDL,DCA,313
476,MOB,ATL,302
477,SAN,SLC,626
478,LAS,SLC,368
479,DCA,DTW,405
480,SMF,SLC,532
481,DEN,DTW,1123
483,LGA,MSP,1020
484,LAW,DFW,140
485,BRO,DFW,482
486,PIB,MEI,69
487,CHS,IAH,925
488,MEM,IAH,468
489,MGM,ATL,147
490,SLC,DEN,391
491,OMA,DEN,472
492,FAR,DFW,968
493,DCA,JFK,213
494,MSN,DFW,821
495,CMH,LGA,479
496,SBP,LAX,156
497,COS,IAH,809
498,OAK,SLC,588
499,LAR,DEN,113
500,SAN,LAX,109
501,BFL,SFO,238
502,DRO,PHX,351
503,MRY,PHX,598
504,FAT,PHX,493
505,MSP,ORD,334
506,DFW,ORD,802
507,BIS,DEN,516
508,ITO,HNL,216
509,PBI,LGA,1035
510,SAT,ORD,1041
511,FLL,IAH,965
512,BUF,CLT,546
513,SEA,ORD,1721
514,CMH,FLL,973
515,LAS,HOU,1235
516,PVD,MCO,1072
517,SAN,BWI,2295
518,SAN,MDW,1728
520,SAN,DEN,853
521,SAN,EWR,2425
522,SJC,PHX,621
523,SJC,DFW,1438
524,DFW,BOS,1562
525,SAN,DFW,1171
527,ONT,SEA,956
528,RDU,MIA,700
529,ROC,ATL,749
530,MCO,ATL,404
531,DCA,MSP,931
532,CAE,IAH,878
533,BTR,ATL,448
534,IAD,MSP,908
535,SAV,DFW,925
536,GRI,DFW,561
537,PDX,SAN,933
538,DFW,MSP,852
539,PSP,SLC,541
540,ISN,MSP,546
541,HLN,DEN,594
542,MCO,IAH,854
543,BOS,RIC,474
544,BZN,DEN,524
545,FAT,SLC,501
546,FSD,DEN,483
547,IAH,ORD,925
548,EWR,IAH,1400
549,PIT,DTW,201
550,FLL,CLT,631
551,MIA,EWR,1085
553,MDW,PHX,1444
554,LAX,PHL,2402
555,IAD,DFW,1172
556,LAX,AUS,1242
557,CLT,DFW,936
558,PHL,DFW,1303
559,DFW,CLT,936
560,ATL,DFW,731
561,RDU,DFW,1061
564,FLL,BOS,1237
565,RSW,BOS,1249
566,MIA,ATL,594
567,BWI,MSP,936
568,MDT,ATL,620
569,EWR,BOS,200
570,SCE,DTW,301
572,LEX,DFW,785
573,VPS,DFW,641
574,BWI,ORD,622
575,SBA,PHX,455
576,SBP,PHX,509
577,PNS,IAH,489
578,COS,DEN,73
579,CLE,ORD,315
580,LIH,HNL,102
581,TWF,SLC,175
582,SAN,ATL,1892
583,BDL,ORD,783
584,LAX,PHX,370
585,EWR,PHX,2133
586,PHL,CLT,449
587,AUS,IAH,140
589,RNO,SFO,192
590,SEA,MDW,1733
591,SJU,TPA,1237
592,HNL,LAX,2556
593,CLT,PHL,449
594,JFK,PHX,2153
595,SAN,PHX,304
596,ONT,PHX,325
597,MIA,CLT,650
598,PBI,ORD,1144
599,EWR,DFW,1372
600,ANC,OTZ,548
601,SAN,SEA,1050
602,SAN,PDX,933
603,JFK,LAX,2475
604,LGA,MCO,950
605,JFK,RSW,1074
606,BOS,PIT,496
607,SFO,JFK,2586
608,MSP,ATL,907
609,AUS,ATL,813
610,COS,ATL,1184
611,DTW,ATL,594
612,MSY,LGA,1183
613,SEA,ATL,2182
614,EWR,ATL,746
615,TPA,ATL,406
616,BPT,DFW,270
617,RIC,IAD,100
618,EWR,JAX,820
619,GPT,IAH,376
620,TPA,DEN,1506
621,RSW,DEN,1607
623,CLE,MCO,895
624,GPT,DFW,500
625,MGM,DFW,622
627,ACY,MYR,466
628,STC,ORD,394
630,SFO,SAN,447
631,MSP,LAX,1535
632,BFL,PHX,425
633,TPA,ORD,1012
634,ORD,IAD,589
636,JFK,MSY,1182
637,MKE,ORD,67
638,MIA,ORD,1197
639,SEA,PHL,2378
640,SAT,ATL,874
641,PDX,MDW,1751
642,LAS,PHX,255
643,JAX,DFW,918
644,MSY,DFW,447
645,PIT,DFW,1067
646,COS,DFW,592
647,SEA,SAN,1050
649,SEA,SLC,689
651,HPN,PBI,1056
652,JFK,LAS,2248
653,MLB,ATL,442
654,PIT,ATL,526
655,SAN,MSP,1532
656,ABE,ATL,692
657,SPI,DFW,630
658,PLN,DTW,243
659,PDX,ONT,838
660,RSW,EWR,1068
661,SJC,MSP,1576
662,CIU,DTW,284
663,MCO,CLT,468
664,BWI,CLT,361
667,CAK,MCO,861
668,FLL,LAS,2173
669,MKE,LAS,1524
670,PHX,MDW,1444
671,SJC,LAS,386
672,LAS,EWR,2227
673,ORD,EWR,719
674,DSM,DFW,624
675,IAH,DFW,224
676,RIC,DFW,1158
677,BLI,SEA,93
678,PDX,LAX,834
679,SEA,PSP,987
680,LAX,PDX,834
682,SLC,SJC,584
683,BDL,MIA,1194
684,RSW,ATL,515
685,TPA,LGA,1010
688,CRP,DFW,354
689,SHV,DFW,190
690,BTR,DFW,383
691,MLU,DFW,293
692,PIA,DFW,672
693,ROW,DFW,435
694,FWA,DFW,859
695,CHS,MIA,489
696,GSO,MIA,710
699,DTW,FLL,1127
700,PDX,BUR,817
701,MSN,ORD,108
702,COS,LAX,833
703,GCC,DEN,313
705,SNA,IAH,1346
706,BUF,ORD,473
708,DAL,MDW,793
709,LIT,DAL,296
710,MHT,MCO,1142
711,ALB,MCO,1073
712,SAT,BWI,1407
714,SNA,PHX,338
715,DFW,STL,550
717,LAS,ORD,1514
718,BNA,MIA,806
719,MSP,MIA,1501
720,SNA,DFW,1205
721,MIA,DCA,919
722,JFK,BOS,187
724,OMA,ATL,821
725,PIT,MSP,726
726,SNA,ATL,1919
727,FLL,ATL,581
728,SNA,MSP,1522
729,ATL,LGA,762
730,BHM,ATL,134
732,FLL,DFW,1119
733,SAN,JFK,2446
734,BHM,DFW,597
735,HOB,IAH,501
736,LNK,DEN,423
737,DEN,MSP,680
738,LAS,DEN,628
739,SNA,DEN,846
741,CMI,DFW,693
742,COU,DFW,489
743,BWI,FLL,925
745,GTF,DEN,624
746,BNA,CVG,230
747,SNA,SFO,372
748,PHX,LAX,370
749,ATL,IAH,689
750,EKO,SLC,200
751,IAD,JFK,228
755,PHX,SFO,651
756,PIT,CLT,366
757,MSP,CLT,930
758,BWI,MCO,787
759,MSY,ATL,425
760,PHX,DAL,879
761,FLL,ORD,1182
762,PHL,PHX,2075
764,MEM,DFW,432
767,DFW,TPA,929
768,CLE,DFW,1021
770,SJC,SEA,697
771,PDX,SNA,859
772,LAS,PDX,763
773,SEA,SMF,605
774,LGB,OAK,353
776,AVL,ATL,164
777,HSV,ATL,151
778,BNA,ORD,409
779,SAF,DFW,551
780,GRR,DFW,931
781,XNA,ORD,522
782,SUX,ORD,436
783,LFT,DFW,351
784,ORD,TPA,1012
785,PSP,IAH,1269
786,HYS,DEN,298
790,DTW,LAS,1749
792,SAN,IAH,1303
793,DFW,IAH,224
794,RIC,CLT,257
795,TPA,CLT,507
797,CAK,ATL,528
799,ABQ,DAL,580
800,PVD,FLL,1188
801,PHL,FLL,992
802,PHL,LAS,2176
803,MIA,DEN,1709
805,LAX,BOS,2611
807,BWI,DFW,1217
808,DFW,LAX,1235
810,MKE,MSP,297
812,MCO,DCA,759
813,JFK,BUF,301
814,MSP,LAS,1299
815,ATL,MCO,404
816,MFE,IAH,316
817,TTN,RDU,373
818,ELP,ORD,1236
819,HSV,ORD,510
820,ABQ,ORD,1118
821,RDU,SFO,2400
822,EWR,LAX,2454
823,DCA,CLT,331
829,PSP,PHX,261
830,DVL,JMS,83
831,ALB,ORD,723
832,PDX,SFO,550
833,EWR,TPA,997
834,JAX,CLT,328
835,CLE,CLT,430
836,CLT,MIA,650
837,IAH,CLT,912
838,IND,CLT,427
840,LGA,ORD,733
841,BOS,IAH,1597
848,BUF,FLL,1165
849,BWI,HOU,1246
850,BWI,LAS,2106
851,CLE,PHX,1737
852,DCA,DAL,1184
853,ISP,FLL,1092
854,MDW,DAL,793
855,MDW,TPA,997
856,MSP,MDW,349
857,PIT,MCO,834
858,SAT,BNA,822
859,HOU,MCO,849
860,MCO,SFO,2446
861,EWR,DEN,1605
863,ATL,CLT,226
864,SLC,PHX,507
865,BOI,PHX,735
866,DCA,PHX,1979
868,ATL,MIA,594
870,SFO,MIA,2585
872,MIA,LAS,2174
873,DFW,BNA,631
875,FAT,DFW,1313
878,MIA,IAH,964
881,MIA,BOS,1258
885,TUS,DFW,813
888,EWR,SEA,2402
889,MSP,SEA,1399
892,SFO,SEA,679
893,SJC,PDX,569
894,PDX,SEA,129
897,SNA,SEA,978
898,BUR,SEA,937
899,LAS,SEA,867
900,PHX,PDX,1009
902,PDX,HNL,2603
903,SAN,OGG,2541
904,OAK,LIH,2457
907,BOS,SAN,2588
908,DCA,MCO,759
909,BOS,JAX,1010
910,PDX,LGB,846
911,BOS,HOU,1609
912,BOS,AUS,1698
915,PDX,JFK,2454
917,SEA,DTW,1927
918,SFO,DTW,2079
919,DCA,ATL,547
920,ORF,ATL,516
921,DAB,ATL,366
922,PBI,ATL,545
923,SLC,MSP,991
925,DAY,DFW,861
926,MSP,PHX,1276
927,LGA,PBI,1035
928,RSW,LGA,1080
930,CLE,ATL,554
933,MKE,ATL,669
934,RDU,BOS,612
937,LAX,DTW,1979
938,LAS,JFK,2248
940,MSP,RSW,1416
943,LFT,IAH,201
944,SHV,ATL,551
945,ROC,LGA,254
946,CID,MSP,220
947,PVD,ORD,849
949,CLE,RSW,1025
950,DEN,MCO,1546
951,MCO,DEN,1546
952,DFW,DSM,624
953,GRK,DFW,134
954,PNS,DFW,604
955,GJT,DFW,773
956,HPN,ORD,738
957,BMI,DFW,690
958,DFW,MAF,309
959,ATL,FLL,581
960,ACY,FLL,977
961,LBE,RSW,956
962,IAH,LAS,1222
963,FLL,MCO,177
965,ASE,DEN,125
966,BUR,SFO,326
969,SEA,PDX,129
970,RKS,DEN,260
971,SBA,SFO,262
972,BOI,ORD,1437
973,CPR,SLC,320
977,MSY,IAH,305
979,MIA,TPA,204
980,BTR,IAH,253
981,BTV,ORD,763
982,FLL,BWI,925
983,SFO,BOI,522
984,ORD,SFO,1846
986,BDL,FLL,1173
988,CMH,TPA,829
989,DAL,BWI,1209
990,DAL,STL,546
992,MCO,LAS,2039
993,MDW,MCO,990
994,OAK,HOU,1642
995,SAT,ELP,496
996,TPA,BWI,842
997,TUS,DEN,639
998,SNA,EWR,2434
999,RDU,CLT,130
1000,MKE,PHX,1460
1001,BWI,PHX,1999
1004,ORF,DFW,1212
1006,MIA,LAX,2342
1007,MIA,JFK,1089
1009,IND,DFW,761
1010,CMH,DFW,926
1011,LAS,LGB,231
1012,LGB,SMF,387
1013,FLL,JAX,319
1014,STL,ATL,484
1015,MSP,LGA,1020
1017,SEA,JFK,2422
1018,SAN,DTW,1956
1020,MSP,TUS,1298
1021,LIT,ATL,453
1023,FSD,DFW,737
1026,EUG,LAX,748
1027,SJC,LAX,308
1028,LAX,SLC,590
1032,SHV,IAH,192
1033,MCO,BOS,1121
1036,GUM,HNL,3801
1037,LAX,HNL,2556
1038,ORF,CLT,290
1039,AUS,BWI,1342
1040,CAK,BOS,549
1041,CMH,RSW,930
1042,DAL,LGA,1381
1043,LAS,SNA,226
1044,SAN,DAL,1182
1045,ONT,MDW,1706
1047,PIT,PHX,1814
1052,ANC,SCC,627
1053,SEA,ONT,956
1054,PHL,SLC,1927
1056,CVG,ATL,373
1057,BOS,TPA,1185
1058,IND,ATL,432
1059,TVC,ORD,224
1060,DCA,DEN,1476
1061,ALO,ORD,234
1062,TLH,MIA,402
1063,TPA,DTW,983
1064,ASE,ORD,1013
1065,MEM,LAX,1619
1066,RIC,EWR,277
1067,AUS,LGB,1226
1069,MIA,SJU,1045
1074,CLE,SFO,2161
1076,MSY,CLT,651
1078,BOI,DEN,649
1079,BNA,LAS,1587
1080,CMH,LAS,1771
1081,DCA,BNA,562
1082,ISP,PBI,1052
1083,MCO,MDW,990
1084,SAN,SJC,417
1086,STL,LAS,1371
1087,HOU,MDW,937
1090,PBI,EWR,1023
1092,MIA,SFO,2585
1094,ELP,DFW,551
1099,DFW,RDU,1061
1100,RNO,DFW,1345
1102,SMF,SEA,605
1105,MCO,HPN,972
1106,BOS,STT,1693
1107,MEM,MCO,684
1108,CLT,ATL,226
1110,PHX,JFK,2153
1117,CLE,LGA,419
1118,IAD,CVG,388
1119,MCO,MDT,851
1121,MHK,ORD,501
1123,TUS,LAX,451
1124,IMT,RHI,67
1125,MRY,LAX,266
1126,ASE,LAX,737
1127,EWR,PBI,1023
1128,SFO,SBP,190
1136,DTW,IAH,1075
1137,ORD,MKE,67
1138,IAH,BWI,1235
1140,ORD,LAX,1744
1141,LAX,BNA,1797
1142,LGA,DAL,1381
1143,MCI,MCO,1072
1145,ALB,FLL,1204
1146,PVD,TPA,1136
1147,SFO,LAS,414
1148,PDX,LAS,763
1150,TPA,PHX,1788
1152,DFW,PHL,1303
1154,IAD,MIA,921
1157,MIA,MCO,192
1158,BDL,DFW,1471
1160,SEA,JNU,909
1162,PDX,KOA,2607
1163,OAK,OGG,2349
1167,ATL,SLC,1590
1168,CVG,TPA,773
1169,PDX,SLC,630
1170,ORD,RIC,642
1171,CLE,MSP,622
1172,IAH,DTW,1075
1173,IAH,CMH,986
1174,DFW,HOU,247
1175,LCH,DFW,295
1176,LIT,ORD,552
1177,BIS,DFW,977
1178,DFW,CVG,812
1179,IAH,MCO,854
1180,ORF,ORD,717
1181,LAX,CLD,86
1182,TYS,ORD,475
1183,ELP,DEN,563
1186,JNU,KTN,234
1188,HNL,SFO,2398
1189,JAC,DEN,406
1190,PHX,IAD,1956
1191,IAH,IAD,1190
1192,ORD,CLT,599
1193,BDL,DEN,1671
1194,DEN,CAK,1224
1196,ATL,DAL,721
1197,PIT,RSW,966
1198,RIC,MCO,667
1201,CMH,PHX,1670
1202,DTW,PHX,1671
1203,SJC,ORD,1829
1204,ABQ,DFW,569
1205,PSP,DFW,1126
1206,TPA,LAX,2158
1213,FLL,MSP,1487
1214,IAH,ATL,689
1215,ATL,BDL,859
1216,RAP,DFW,835
1217,DFW,CRP,354
1218,MEI,DFW,485
1219,CVG,FLL,932
1220,DBQ,ORD,147
1221,GCK,DFW,404
1222,GNV,MIA,294
1226,BRD,MSP,114
1227,SAT,DTW,1214
1229,MCO,CLE,895
1231,IAH,EWR,1400
1233,IAH,GPT,376
1234,DIK,DEN,488
1236,BTV,LGA,258
1237,IAH,LAX,1379
1238,LGA,IAH,1416
1239,ATL,SFO,2139
1241,LGA,TPA,1010
1242,BNA,SLC,1404
1243,CLT,PHX,1773
1247,LAS,BUR,223
1248,RDU,LAS,2026
1250,IAH,DEN,862
1251,PHL,ORD,678
1252,STL,PHX,1262
1258,STL,ORD,258
1259,DFW,MCI,460
1262,DFW,LAS,1055
1265,EWR,SJU,1608
1267,GSO,ATL,306
1268,MSP,PIT,726
1274,SDF,ATL,321
1275,DFW,DTW,986
1276,BWI,SLC,1865
1277,CHS,ATL,259
1278,DEN,LGA,1620
1279,HPN,RSW,1102
1281,LBB,IAH,458
1282,CAE,ATL,192
1283,AVP,ORD,632
1285,GSO,DFW,999
1288,SGF,ORD,438
1290,CMI,ORD,135
1292,DFW,SHV,190
1293,DFW,TYS,772
1294,COU,ORD,315
1296,FLL,DTW,1127
1297,ACY,MCO,852
1298,RDM,LAX,726
1299,HLN,SLC,402
1300,OKC,SLC,866
1301,SFO,SMF,86
1302,MSP,SFO,1589
1303,DFW,SFO,1464
1305,BTM,SLC,358
1307,CVG,RSW,879
1309,STL,SFO,1735
1310,BOS,DEN,1754
1311,FLL,DEN,1703
1314,CMH,ORD,296
1317,TPA,MIA,204
1318,MEM,CLT,511
1319,PHL,MIA,1013
1321,ATL,MDW,591
1322,ELP,AUS,528
1323,EWR,MDW,711
1324,ISP,MCO,971
1325,MCI,BWI,967
1326,MCI,MSY,689
1327,MCO,BNA,616
1332,LAX,IAD,2288
1334,LAS,LAX,236
1335,DFW,BDL,1471
1336,PBI,DFW,1102
1338,SEA,KTN,680
1339,JNU,ANC,571
1341,TPA,DCA,814
1342,BOS,MCO,1121
1343,MSP,PDX,1426
1345,RSW,DFW,1017
1348,IAH,IND,844
1349,DFW,LIT,304
1350,LAX,SMF,373
1356,DEN,PDX,991
1357,BDL,RSW,1180
1358,IND,BWI,516
1359,LAS,DAL,1067
1360,LAS,SAT,1069
1361,LAX,DAL,1246
1362,MCO,DAL,973
1363,MCO,STL,882
1364,PHX,HOU,1020
1367,TUL,DAL,237
1370,DFW,SJC,1438
1372,RDU,ORD,646
1375,JFK,RDU,427
1377,JFK,IAD,228
1378,RSW,MSP,1416
1381,BWI,ATL,577
1382,JFK,SRQ,1041
1384,TTN,CVG,532
1385,DFW,TUL,237
1386,DFW,GRK,134
1387,DFW,PNS,604
1389,MEM,ORD,491
1390,OKC,ORD,693
1393,OKC,SFO,1384
1394,SJU,IAH,2007
1396,LAX,SAN,109
1397,IAD,ORD,589
1400,BOI,IAH,1482
1403,AUS,DEN,775
1404,ORD,BTV,763
1405,ORD,DSM,299
1407,SFO,IAD,2419
1408,BNA,CLT,328
1409,STL,CLT,575
1410,AUS,PHL,1430
1411,ATL,PHX,1587
1412,SAN,IAD,2253
1413,LGA,DEN,1620
1414,CLT,BWI,361
1415,DAL,ATL,721
1416,DAL,FLL,1108
1417,DAL,LAS,1067
1418,DAL,PHX,879
1419,MDW,DEN,895
1420,MSY,LAS,1500
1421,PIT,LAS,1910
1423,STL,MDW,251
1427,DFW,IND,761
1428,DFW,SEA,1660
1433,MCO,SJU,1189
1434,JFK,CHS,636
1436,JAX,ATL,270
1440,SAV,ATL,214
1445,SLC,DTW,1481
1446,EWR,DAY,533
1447,OKC,DTW,900
1448,SCE,ORD,528
1449,ELM,ORD,566
1450,SYR,ORD,607
1451,DEN,DCA,1476
1454,DCA,ORD,612
1456,ASE,IAH,913
1457,COS,ORD,911
1459,CLT,IAH,912
1460,RKS,SLC,162
1462,SJU,STT,68
1463,PIH,SLC,150
1464,IAH,AUS,140
1466,BUF,PHX,1912
1467,DAL,TUL,237
1470,STL,MCO,882
1471,PHL,DEN,1558
1473,CLE,TPA,927
1474,RSW,ORD,1120
1478,ICT,DFW,328
1481,PDX,BOS,2537
1483,SEA,BUR,937
1484,SLC,SFO,599
1486,DFW,OKC,175
1487,MOB,IAH,427
1489,SJC,OGG,2355
1491,MSP,MCO,1310
1493,SUN,SLC,222
1494,LWS,SLC,461
1495,IDA,SLC,188
1499,EWR,RDU,416
1502,AUS,LAS,1090
1503,BNA,STL,272
1504,BUR,LAS,223
1506,BWI,TPA,842
1507,FLL,HOU,957
1508,GSP,HOU,845
1509,LAS,MKE,1524
1510,MCI,LAS,1139
1511,PBI,BWI,883
1512,DEN,EWR,1605
1514,DEN,SFO,967
1517,DFW,SNA,1205
1519,DFW,EWR,1372
1520,JFK,SAV,718
1523,STL,SLC,1156
1525,LIT,IAH,374
1527,DFW,XNA,280
1529,TUL,IAH,429
1532,DEN,COS,73
1533,DEN,GJT,212
1534,OKC,IAH,395
1536,DCA,PBI,857
1537,CAE,ORD,667
1538,VEL,SLC,132
1539,DEN,BZN,524
1545,SLC,ORD,1250
1546,LGA,CLT,544
1547,EWR,CLE,404
1551,DEN,SNA,846
1552,DEN,PUB,109
1555,BWI,IAH,1235
1557,PIT,LAX,2136
1558,ALB,CLT,646
1560,PBI,PHL,951
1561,IND,SFO,1943
1562,SAN,SFO,447
1567,SFO,DCA,2442
1570,DAL,DCA,1184
1572,LAS,BOI,519
1573,LAS,MDW,1521
1575,MEM,MDW,480
1576,MSY,DCA,969
1577,ABQ,PHX,328
1582,HOU,HRL,277
1586,BOS,SFO,2704
1594,JFK,ORD,740
1598,JFK,STT,1623
1600,TUL,ORD,585
1601,DFW,HDN,769
1602,IAD,LAX,2288
1603,DFW,MEM,432
1604,DFW,RIC,1158
1605,JAC,DFW,1047
1606,LAX,MCO,2218
1610,DCA,SEA,2329
1612,ORD,SEA,1721
1613,ANC,JNU,571
1622,SEA,GEG,224
1623,HPN,FLL,1097
1625,SFO,BOS,2704
1627,JFK,JAX,828
1628,JAX,FLL,319
1629,DCA,SJU,1554
1631,MCO,ORH,1091
1635,STT,ATL,1599
1636,OMA,DTW,651
1639,SJU,ATL,1547
1640,TPA,MSP,1306
1641,ABQ,ATL,1269
1643,MDW,ATL,591
1648,JFK,MSP,1029
1650,DTW,PBI,1086
1653,BZN,ATL,1640
1656,EWR,RSW,1068
1657,MCO,BUF,1011
1658,SAV,LGA,722
1659,XNA,DEN,616
1660,EWR,SYR,195
1661,BNA,DEN,1014
1662,SAF,DEN,303
1665,PHX,HNL,2917
1668,DFW,MKE,853
1670,STL,LGA,888
1671,PIA,ORD,130
1672,DFW,GSO,999
1673,DFW,VPS,641
1674,DFW,LAW,140
1676,SAV,IAH,851
1677,FLL,ACY,977
1681,MCI,SFO,1499
1682,COS,SEA,1068
1683,SLC,PDX,630
1685,ORD,DCA,612
1686,COS,SFO,964
1687,YUM,PHX,160
1688,FLG,PHX,119
1690,DEN,SAN,853
1693,IAD,SFO,2419
1694,MCO,ORD,1005
1696,JFK,CLT,541
1697,FCA,DEN,752
1698,MCI,IAD,926
1700,BWI,BOS,369
1701,MIA,DTW,1145
1702,DEN,SAT,794
1703,LAX,SAT,1211
1704,BDL,CLT,644
1707,ATL,HOU,696
1711,GRR,DEN,1015
1712,MCI,DAL,460
1713,MSY,DEN,1062
1715,ROC,MDW,523
1716,STL,BWI,738
1717,TPA,HOU,781
1718,IAD,DEN,1452
1719,DEN,RSW,1607
1720,SFO,HNL,2398
1721,ORD,LAS,1514
1723,IAD,TPA,811
1725,OMA,PHX,1037
1727,SNA,ORD,1726
1731,DFW,SAT,247
1732,SEA,MCO,2554
1737,DEN,LAS,628
1739,DFW,LBB,282
1740,LAX,TUS,451
1741,BNA,MSP,695
1742,DEN,STL,770
1744,LAX,JAC,784
1745,AVL,ORD,536
1746,DEN,BIL,455
1747,DEN,TUS,639
1748,SFO,EUG,451
1749,ORD,ASE,1013
1751,LGB,SEA,965
1752,DTW,DEN,1123
1753,ORD,SAT,1041
1754,SFO,SNA,372
1755,LAX,ASE,737
1758,HDN,DEN,141
1760,JMS,DEN,573
1761,ORD,TVC,224
1762,SMF,IAD,2358
1763,DTW,JFK,509
1764,DEN,MTJ,196
1766,IAD,SAN,2253
1767,IAD,SEA,2306
1769,LAX,RDU,2239
1770,SYR,CLT,603
1771,PWM,CLT,813
1772,ORD,SAN,1723
1774,ATL,PHL,666
1775,BDL,MCO,1050
1776,BWI,STL,738
1777,DAL,DEN,651
1778,DAL,MCO,973
1779,ELP,DAL,562
1780,ISP,BWI,220
1782,SAN,HOU,1313
1784,IAD,SJU,1571
1791,BUF,BOS,395
1792,FLL,SJU,1046
1793,DTW,RSW,1084
1795,JAX,MSP,1174
1796,ATL,OKC,761
1798,ATL,DEN,1199
1799,ORD,CHS,760
1800,ROA,ORD,531
1802,CHA,ATL,106
1804,EYW,ATL,646
1807,ITO,OGG,121
1808,BNA,LGA,764
1809,DFW,CAE,922
1810,MEM,MIA,859
1812,MYR,FLL,529
1814,ABQ,SFO,896
1815,PDX,IAD,2327
1818,IAD,LAS,2065
1819,ATL,RSW,515
1820,DEN,BOI,649
1821,ORD,IND,177
1822,ORD,PHL,678
1825,LGB,SFO,354
1827,ORD,MSY,837
1829,PBI,HPN,1056
1830,IAD,ATL,534
1831,EWR,MEM,946
1833,LAX,BZN,902
1834,BWI,DEN,1491
1837,PHX,PHL,2075
1838,DEN,CLT,1337
1840,DTW,CLT,500
1841,LAS,CMH,1771
1842,MCO,PVD,1072
1843,RNO,SAN,488
1844,SLC,LAS,368
1845,SLC,MDW,1259
1848,TUL,MDW,583
1849,TUS,MDW,1440
1852,RSW,CLT,600
1854,TUS,ORD,1437
1856,LAX,DCA,2311
1860,DFW,AUS,190
1862,SEA,DCA,2329
1863,SEA,BWI,2335
1867,PHL,BOS,280
1872,LAX,OGG,2486
1877,SEA,HNL,2677
1879,ATL,MEM,332
1881,CAK,ORD,343
1882,CRW,ORD,416
1884,DFW,HSV,603
1886,DFW,GPT,500
1887,MQT,ORD,303
1892,CHO,ORD,567
1893,DFW,SLC,989
1895,SLC,CDC,221
1896,IAD,MCO,758
1898,EWR,CHS,628
1899,IAD,CLE,288
1904,DTW,MCO,957
1907,PBI,CLT,590
1910,SFO,FLL,2583
1911,AUS,DAL,189
1913,CHS,MDW,745
1915,ABQ,SAN,628
1918,EWR,LAS,2227
1923,ORD,SJU,2072
1925,PHX,SJC,621
1930,ATL,LAS,1747
1931,MSP,DTW,528
1934,ATL,SJU,1547
1935,PHL,MSP,980
1937,IAD,GSO,239
1942,DSM,ORD,299
1946,GJT,PHX,438
1948,ATL,ORD,606
1949,PHX,YUM,160
1950,ATL,PBI,545
1951,ATL,LAX,1947
1952,IAD,PIT,182
1953,DEN,IAD,1452
1956,BNA,IAH,657
1960,SFO,PHL,2521
1961,RSW,DCA,892
1966,BWI,ABQ,1670
1967,BWI,MEM,787
1968,BWI,RSW,919
1969,MCO,IND,829
1970,DCA,LAS,2089
1974,DFW,MSY,447
1975,HNL,SEA,2677
1977,ATL,STT,1599
1979,ATL,TLH,223
1982,CVG,SLC,1450
1983,DFW,MLI,691
1984,DFW,SAV,925
1986,DFW,AMA,312
1987,TPA,FLL,197
1988,COS,SLC,411
1989,LAX,BOI,674
1991,ATL,JAX,270
1992,TPA,CLE,927
1993,DEN,SLC,391
1994,BUR,DEN,850
1996,ORD,SNA,1726
1998,JFK,HOU,1428
2006,BWI,CHS,472
2008,BWI,PBI,883
2009,DAL,HOU,239
2010,DAL,TPA,917
2011,FLL,BNA,793
2014,MDW,LAS,1521
2015,SAN,AUS,1164
2016,STL,DAL,546
2017,PDX,MCI,1482
2019,IAD,STT,1606
2020,DCA,SFO,2442
2030,DFW,CMH,926
2033,SEA,TPA,2520
2036,BOS,RSW,1249
2037,BOS,LAS,2381
2042,ATL,MSP,907
2043,DTW,MKE,237
2044,DTW,TPA,983
2047,LAX,EGE,748
2052,MCO,DTW,957
2058,RIC,MSP,970
2059,ATL,MOB,302
2060,DEN,MDW,895
2061,TTN,FLL,1026
2062,CVG,ORD,265
2063,GRR,ORD,137
2064,DFW,JAN,408
2065,FWA,ORD,157
2066,FLL,MSY,674
2069,MOT,MSP,449
2070,TUS,SLC,601
2071,ORD,FWA,157
2072,TUL,SLC,926
2073,DFW,MSN,821
2074,DEN,BIS,516
2075,SFO,MFR,329
2076,DTW,APN,198
2079,ATL,BWI,577
2080,LBB,DEN,456
2082,RDU,IAH,1042
2083,SBA,LAX,89
2086,CLT,EWR,529
2092,ORD,PDX,1739
2093,BWI,DAL,1209
2094,BWI,JAX,663
2095,DEN,DAL,651
2097,DSM,MDW,306
2098,ECP,BNA,401
2099,LAS,ABQ,486
2100,MDW,BHM,570
2101,SJC,ONT,333
2103,GEG,PHX,1020
2108,DFW,OMA,583
2111,SLC,SAN,626
2112,SEA,LIH,2701
2114,BOS,RDU,612
2116,STL,DTW,440
2117,DTW,DCA,405
2120,DTW,SLC,1481
2121,RDU,MSP,980
2122,DTW,SEA,1927
2123,DTW,SRQ,1022
2124,DEN,MCI,533
2125,DFW,LFT,351
2126,DFW,GRR,931
2128,DAY,ORD,240
2129,ORD,RSW,1120
2131,LAX,ELP,715
2132,SFO,MMH,193
2134,PIA,DEN,793
2135,SFO,CEC,304
2137,TPA,SJU,1237
2139,EWR,CMH,463
2141,MCO,FLL,177
2143,SFO,SBA,262
2144,SFO,RNO,192
2146,MEM,DEN,872
2148,DEN,MSY,1062
2149,OAK,ORD,1836
2151,DFW,SAN,1171
2152,ASE,SFO,848
2155,ORD,OMA,416
2157,LAX,BWI,2329
2160,PIT,DEN,1290
2163,IND,LAS,1590
2164,LAS,MCO,2039
2165,MDW,DCA,601
2166,MKE,MCO,1066
2168,SJC,DEN,948
2169,SMF,LAS,397
2170,STL,BNA,272
2172,DCA,LAX,2311
2173,LAX,KOA,2504
2175,RNO,ORD,1671
2176,DFW,IAD,1172
2181,SEA,FLL,2717
2183,JFK,AUS,1521
2184,CVG,SEA,1965
2185,ATL,TPA,406
2189,DFW,JAX,918
2190,DFW,CLL,164
2191,BHM,IAH,562
2192,EVV,DTW,363
2196,DFW,LEX,785
2197,DFW,BHM,597
2198,ACY,PBI,936
2199,BIS,MSP,386
2202,SFO,ASE,848
2203,DTW,LAN,74
2205,OAK,LAX,337
2206,SFO,PDX,550
2207,DTW,SFO,2079
2208,DEN,CLE,1201
2211,DTW,ORD,235
2215,ORD,SRQ,1050
2220,BNA,PHX,1449
2221,DEN,BWI,1491
2223,LAS,OMA,1099
2225,MDW,OAK,1844
2226,MDW,SFO,1855
2227,MDW,SLC,1259
2229,PIT,BNA,462
2230,HOU,SAT,192
2232,IAH,SAN,1303
2235,PHX,SNA,338
2237,PHX,SAN,304
2242,DFW,COS,592
2243,STL,LAX,1592
2244,EGE,JFK,1746
2246,PBI,LAX,2330
2250,MCO,BDL,1050
2251,DCA,BDL,313
2253,JFK,HNL,4983
2255,MSN,DTW,311
2256,DTW,EWR,488
2261,SAT,JFK,1587
2266,ORD,PNS,794
2267,AMA,DEN,359
2268,DTW,MSY,926
2269,ORD,OKC,693
2271,MSP,IAD,908
2274,ROC,ORD,528
2276,CMH,JFK,483
2279,ORD,DLH,397
2281,MLI,DEN,752
2283,CLE,DEN,1201
2285,IAH,SDF,788
2286,MBS,ORD,222
2288,IAH,MAF,429
2290,ORD,MCI,403
2291,ATL,CLE,554
2295,IAH,LGA,1416
2297,SAN,PHL,2370
2303,BHM,BWI,682
2304,BNA,CHS,439
2306,CLT,MDW,584
2307,DAL,ELP,562
2308,DCA,TPA,814
2310,DTW,STL,440
2311,LIT,PHX,1136
2313,MDW,SAN,1728
2314,MSY,HOU,302
2315,MSY,MCO,551
2316,SAN,LAS,258
2317,SDF,PHX,1506
2318,STL,BOS,1047
2319,HOU,SAN,1313
2321,IAH,SNA,1346
2322,PHX,OGG,2845
2323,PHX,LAS,255
2329,SAN,BOS,2588
2331,ATL,BOS,946
2332,DTW,MSP,528
2333,RIC,BOS,474
2334,ORD,PIT,413
2335,GNV,ATL,300
2336,TYS,DEN,1162
2337,MCO,PHL,861
2339,GFK,MSP,284
2340,GTF,SLC,463
2341,SEA,FAT,748
2342,SBP,SFO,190
2343,DTW,BTV,537
2344,DTW,TUL,789
2345,DTW,GRR,120
2346,SFO,ONT,363
2351,EWR,ORD,719
2352,EWR,SAN,2425
2353,CVG,IAH,871
2354,IAH,BNA,657
2356,IAD,HNL,4817
2361,LAX,MCI,1363
2363,MDW,LGA,725
2364,MDW,SEA,1733
2366,MKE,RSW,1183
2370,HOU,LAX,1390
2371,ORF,MDW,704
2372,DFW,DAY,861
2373,DFW,CLE,1021
2379,FLL,PVD,1188
2381,DTW,SAN,1956
2386,ATL,EWR,746
2388,DFW,SPS,113
2393,RDU,LGA,431
2394,DFW,FWA,859
2398,DFW,SGF,364
2399,DFW,CID,685
2403,LGB,SLC,588
2404,DTW,BHM,625
2405,DTW,LAX,1979
2406,MSP,SLC,991
2409,ABQ,IAH,744
2410,MSP,MSY,1039
2412,MCI,CLT,808
2413,LAS,PHL,2176
2419,BNA,BWI,587
2420,BWI,AUS,1342
2422,HOU,DAL,239
2423,LAS,AUS,1090
2426,MCO,BWI,787
2427,MDW,MCI,405
2428,ABQ,MDW,1121
2429,RDU,DEN,1436
2430,OAK,PDX,543
2432,EWR,SNA,2434
2438,ORD,CLE,315
2439,EWR,JAC,1874
2443,SAN,ORD,1723
2454,STT,MIA,1107
2459,JFK,DFW,1391
2466,OAK,HNL,2409
2467,STT,SJU,68
2469,JFK,SEA,2422
2474,MCI,MSP,393
2480,JFK,DTW,509
2482,MSP,BWI,936
2484,MSP,SMF,1517
2488,JAX,DCA,634
2491,SGF,ATL,563
2494,IAH,PNS,489
2496,IAH,MCI,643
2500,CRW,ATL,363
2501,BTV,DTW,537
2502,IAH,GJT,979
2505,TOL,ORD,213
2506,EVV,ORD,273
2508,DFW,FSM,227
2509,DFW,MGM,622
2511,JFK,DCA,213
2512,DAY,LGA,549
2513,MSP,DSM,232
2514,BIL,SLC,387
2515,ORD,MSP,334
2516,DLH,MSP,144
2517,IAH,ASE,913
2518,SFO,PSP,421
2519,SFO,LIH,2447
2520,DTW,BUF,241
2521,SFO,BZN,807
2523,OTZ,ANC,548
2524,IAH,VPS,528
2525,IAH,OMA,781
2526,IAH,HRL,295
2527,IAH,MFE,316
2528,DTW,AVP,399
2531,DTW,MDT,371
2534,ATL,DTW,594
2535,IAH,TUS,936
2537,PDX,CLT,2282
2540,CAK,DCA,274
2541,CMH,STL,409
2542,GRR,STL,382
2543,IND,DCA,500
2544,IND,MCO,829
2545,JAX,DEN,1447
2548,MDW,FLL,1166
2553,TPA,BNA,612
2555,SAT,DEN,794
2561,SEA,OGG,2640
2563,PIT,BOS,496
2564,ATL,PIT,526
2565,DFW,PDX,1616
2566,ATL,CVG,373
2567,MSP,JAC,872
2570,MSP,OMA,282
2573,DFW,SJT,229
2574,ELP,IAH,667
2575,ATL,ROA,357
2578,DFW,LRD,396
2579,TYS,IAH,771
2581,MSP,CVG,596
2582,LAX,MRY,266
2584,BDL,DTW,549
2585,IAH,LFT,201
2586,JAN,IAH,351
2587,ATL,AGS,143
2590,SGF,DEN,637
2592,IAH,COS,809
2593,IAH,ABQ,744
2594,IAH,ELP,667
2596,ATL,MGM,147
2597,RDU,TTN,373
2598,MYR,LGA,563
2600,SHV,DEN,792
2602,LAX,RNO,391
2603,EWR,HNL,4962
2605,TPA,IAD,811
2609,DAL,LAX,1246
2611,LAS,BNA,1587
2613,MDW,DTW,228
2614,MEM,TPA,655
2615,MHT,TPA,1204
2616,ALB,BWI,289
2618,RDU,BWI,255
2619,SJC,AUS,1476
2621,HOU,OAK,1642
2622,MCO,IAD,758
2626,KTN,SEA,680
2631,MSP,TPA,1306
2632,ATL,ROC,749
2637,JFK,SAN,2446
2640,IAH,DAL,216
2641,IAH,LRD,301
2642,MSP,ROC,783
2643,LIT,DEN,771
2644,DFW,AEX,285
2648,MSP,ISN,546
2649,MSP,CLE,622
2652,LAX,COS,833
2656,LGB,LAS,231
2659,JFK,BTV,266
2663,ATL,MLB,442
2664,IAH,SAT,191
2665,CLT,ORF,290
2668,SMF,LGB,387
2670,MSN,MSP,228
2671,DEN,PHL,1558
2674,CLT,MSY,651
2676,BUR,OAK,325
2679,FLL,TPA,197
2680,LAS,GEG,806
2683,AMA,DAL,323
2684,RSW,MKE,1183
2687,HOU,SNA,1357
2689,TPA,IAH,787
2690,SFO,OGG,2338
2691,FLL,PHX,1972
2692,DFW,PBI,1102
2693,LAX,LIH,2615
2694,DFW,MFE,469
2695,MIA,EGE,1810
2696,MIA,RDU,700
2698,STX,MIA,1139
2700,EWR,DTW,488
2703,MSP,ABQ,981
2705,ATL,SRQ,444
2708,ATL,ICT,782
2709,ILM,ATL,377
2710,ATL,ECP,240
2713,DFW,PIA,672
2718,ORD,DFW,802
2719,MSP,TUL,615
2721,LAX,ABQ,677
2722,IAH,ONT,1334
2724,IAH,CRP,201
2730,SDF,DEN,1024
2732,IAH,HNL,3904
2735,CLT,JFK,541
2737,IAH,RNO,1530
2741,DAL,OKC,181
2743,JAX,BNA,483
2744,LAS,AMA,758
2746,LAX,MDW,1750
2747,LBB,AUS,341
2748,MHT,MDW,838
2749,STL,TPA,869
2750,TUL,PHX,935
2751,CLE,LAX,2052
2752,EWR,STT,1634
2753,IAH,SEA,1874
2757,MIA,PHX,1972
2758,DFW,PIT,1067
2759,SEA,BOS,2496
2762,JFK,ROC,264
2765,ATL,DCA,547
2768,SMF,MSP,1517
2769,DFW,BPT,270
2770,RIC,LGA,292
2771,MSP,SDF,604
2773,SMF,HNL,2462
2775,DFW,ACT,89
2780,MIA,EYW,125
2781,MIA,PNS,530
2783,MSP,DLH,144
2784,BUR,PDX,817
2785,MSP,FSD,196
2786,BDL,PBI,1133
2787,PSP,LAX,110
2792,CLT,PBI,590
2795,CLT,MCO,468
2797,CLT,MEM,511
2800,ATL,MSY,425
2802,BWI,SAN,2295
2803,DCA,MSY,969
2804,FLL,PHL,992
2808,MSY,TPA,488
2809,RNO,LAS,345
2810,SJC,SNA,342
2811,SMF,SAN,480
2812,IAH,SJC,1608
2813,DFW,RSW,1017
2821,BOS,SAV,901
2823,FLL,DCA,899
2824,IND,MSP,503
2825,MSP,BOS,1124
2827,MSY,MSP,1039
2828,LGA,CLE,419
2830,DFW,MLU,293
2839,IAH,SLC,1195
2841,CLT,DTW,500
2845,OGG,ITO,121
2846,PUB,DEN,109
2847,GJT,DEN,212
2852,JFK,SLC,1990
2853,RDU,DTW,501
2854,SLC,CLT,1727
2855,CLT,SEA,2279
2858,AUS,PHX,872
2859,BHM,TPA,459
2860,BNA,DAL,623
2863,IND,RSW,945
2864,LAS,ONT,197
2865,MDW,HOU,937
2866,MDW,OKC,691
2870,SAT,LAS,1069
2871,HOU,OKC,419
2874,CLT,SFO,2296
2880,MIA,BWI,946
2882,DFW,SMF,1431
2895,MSP,SAN,1532
2902,CVG,LAX,1900
2904,EWR,BNA,748
2905,CVG,IAD,388
2908,ORD,TYS,475
2910,DFW,CHA,695
2911,MIA,CMH,990
2912,RHI,MSP,190
2914,PDX,TUS,1119
2915,SBN,ATL,566
2916,CDC,SLC,221
2917,KTN,WRG,82
2918,MIA,ORF,802
2919,MIA,CHS,489
2922,ATL,MSN,707
2924,ATL,FNT,645
2925,RSW,ACY,982
2926,MIA,CVG,948
2927,DSM,DEN,589
2929,CLT,RDU,130
2932,CMH,DEN,1154
2933,DAL,BNA,623
2934,EWR,MSY,1167
2935,HRL,HOU,277
2936,LAS,IND,1590
2937,LAS,PIT,1910
2938,LAS,RDU,2026
2939,LAS,SAN,258
2940,MDW,BNA,395
2942,SAT,PHX,843
2943,OKC,PHX,833
2946,CLT,DEN,1337
2952,ORD,ANC,2846
2953,SJC,KOA,2384
2958,DCA,JAX,634
2961,DFW,CHS,987
2963,MLI,ORD,139
2965,STL,EWR,872
2969,ATL,ORF,516
2973,IAD,BOS,413
2975,MSP,DIK,481
2980,BOS,SJU,1674
2981,ATL,SAV,214
2982,JAX,IAD,630
2983,MIA,TLH,402
2984,ORD,BOI,1437
2985,BZN,LAX,902
2986,PHL,SJU,1576
2987,CLT,DCA,331
2990,CLT,CLE,430
2992,CLT,TPA,507
2994,CLT,IND,427
2995,CLT,BOS,728
2999,IND,HOU,861
3000,LAS,TPA,1984
3003,STL,SAT,786
3004,TPA,MSY,488
3005,TPA,STL,869
3006,HOU,LAS,1235
3008,SFO,MCO,2446
3015,ORD,TUS,1437
3016,DFW,BWI,1217
3017,SNA,PDX,859
3018,BLI,LAS,954
3023,SLC,JFK,1990
3024,PHL,DTW,453
3025,SLC,STL,1156
3029,SLC,EWR,1969
3030,ATL,SEA,2182
3032,FLL,CLE,1062
3034,DFW,MHK,431
3036,SLC,BZN,347
3037,LAX,FAT,209
3038,SLC,OKC,866
3042,PHX,PSP,261
3043,SLC,CNY,184
3044,BOS,SRQ,1220
3046,ATL,HPN,780
3048,SCC,BRW,204
3052,SLC,BIL,387
3054,ATL,JAC,1572
3056,PHX,EWR,2133
3057,CLT,SJU,1475
3058,PHL,STT,1605
3061,CLT,LAX,2125
3065,ATL,IND,432
3066,BWI,MCI,967
3069,ELP,LAS,583
3070,LAS,SJC,386
3072,ABQ,LAX,677
3075,SNA,SJC,342
3077,ORD,JAC,1162
3084,PDX,ANC,1542
3093,ATL,EYW,646
3094,GEG,MSP,1175
3097,BOS,CLE,563
3098,BNA,EWR,748
3099,ORD,GRB,173
3100,ORD,ATW,160
3102,ORD,SYR,607
3103,LBB,DFW,282
3104,DFW,SAF,551
3105,DFW,FSD,737
3106,DFW,TYR,102
3107,ORD,MKG,118
3108,CVG,DTW,229
3109,SLC,OAK,588
3110,SLC,TUS,601
3116,SLC,CVG,1450
3118,PHX,STL,1262
3124,PHX,DCA,1979
3125,IND,IAD,476
3126,PHX,FLG,119
3127,ORD,BZN,1186
3128,SFO,KOA,2367
3129,IAD,BDL,326
3130,PHX,FLL,1972
3131,CLT,FLL,631
3132,PHX,AUS,872
3134,SAT,CLT,1095
3135,CLT,PIT,366
3138,BOI,OAK,511
3139,BWI,BHM,682
3140,DCA,MKE,634
3141,FLL,BUF,1165
3142,FLL,DAL,1108
3143,LAS,ELP,583
3147,MCO,AUS,994
3148,MCO,MKE,1066
3149,MDW,ABQ,1121
3150,OAK,BUR,325
3160,DFW,TUS,813
3164,SJU,DFW,2165
3168,PDX,DCA,2350
3170,ORD,PSP,1652
3173,ATL,AUS,813
3175,ATL,JFK,760
3178,MSP,EWR,1008
3179,ATL,LEX,304
3180,LGA,SAV,722
3182,SJC,HNL,2417
3185,FNT,ORD,223
3193,SBN,MSP,411
3194,SLC,FCA,531
3196,PHX,GJT,438
3197,SLC,BTM,358
3200,ATL,GSO,306
3204,JFK,SYR,209
3205,ATL,EVV,350
3206,PHX,ABQ,328
3207,ATL,XNA,589
3209,PHX,TUS,110
3210,PHX,DRO,351
3211,DEN,JMS,573
3212,DEN,AUS,775
3214,DEN,PIT,1290
3216,DEN,MEM,872
3219,BUR,SJC,296
3221,DAY,DEN,1085
3222,DCA,MDW,601
3225,MDW,MSY,825
3229,PIT,MDW,402
3230,PNS,BNA,391
3232,ORF,MCO,655
3236,PHX,MCO,1849
3237,PHX,TPA,1788
3238,PHX,MCI,1044
3246,ANC,OGG,2797
3251,IND,DTW,231
3253,DEN,LNK,423
3254,DEN,LFT,978
3255,SDF,DTW,306
3256,DEN,ISN,576
3257,ORD,DBQ,147
3258,ORD,FAR,557
3261,DEN,MKE,896
3263,DEN,FCA,752
3264,PHX,ELP,347
3266,ORD,JFK,740
3267,ATL,CAE,192
3268,SYR,IAD,296
3271,DEN,BOS,1754
3272,DEN,FLL,1703
3274,DEN,MLI,752
3279,DEN,SDF,1024
3281,PHX,BOS,2300
3283,ROC,CLT,573
3286,PHX,PIT,1814
3287,PHX,OMA,1037
3290,LGA,RSW,1080
3291,ECP,ATL,240
3292,LGA,RDU,431
3294,SLC,FAR,866
3298,MIA,MSY,675
3300,CLT,LGA,544
3305,BUF,MCO,1011
3311,DEN,TUL,541
3312,ELP,LAX,715
3313,ELP,PHX,347
3315,LAS,RNO,345
3316,LAX,HOU,1390
3318,TPA,IND,837
3319,ORD,SMF,1781
3332,DFW,PSP,1126
3333,DFW,ICT,328
3334,ANC,OME,539
3337,PSP,SEA,987
3346,PVD,ATL,903
3347,BUF,ATL,712
3352,LGA,RIC,292
3354,GRR,MSP,408
3355,LGA,GSP,610
3360,DFW,GUC,678
3370,DEN,FAR,627
3371,DEN,SGF,637
3373,DEN,ASE,125
3374,LAX,PSP,110
3378,IAH,ISN,1330
3379,DEN,MSO,679
3380,ATL,HSV,151
3382,IAH,PSP,1269
3384,DEN,XNA,616
3385,DEN,HSV,1048
3389,DEN,MAF,563
3390,DEN,FSD,483
3393,CLT,JAX,328
3396,BHM,LAS,1618
3397,CMH,MDW,283
3398,DAL,MSY,436
3401,MCI,STL,237
3402,MCO,MCI,1072
3405,PHX,LIT,1136
3406,PHX,RDU,1891
3407,PHX,SAT,843
3408,PHX,SDF,1506
3409,SEA,MKE,1694
3416,PHX,IND,1488
3418,PHX,CMH,1670
3422,HDN,DFW,769
3429,ATL,RDU,356
3433,ATL,MTJ,1352
3435,SBN,DTW,157
3436,PIT,ORD,413
3439,DFW,TXK,181
3441,DFW,TLH,767
3442,LAX,SJC,308
3444,DEN,MOT,604
3446,DEN,GRR,1015
3447,ATL,RIC,481
3449,ATL,STL,484
3452,LGB,JFK,2465
3453,SLC,SEA,689
3455,DEN,MSN,826
3456,DEN,RAP,300
3461,BUR,SLC,574
3466,BWI,ISP,220
3467,BWI,PIT,210
3468,BWI,PWM,452
3469,BWI,ROC,277
3471,DEN,CMH,1154
3472,DEN,IND,977
3477,LAS,OAK,407
3478,LAS,OKC,986
3479,MCO,PIT,834
3480,MDW,EWR,711
3481,OAK,MDW,1844
3484,SMF,MDW,1790
3485,TPA,PVD,1136
3486,HOU,IND,861
3487,HOU,MSY,302
3488,HOU,PIT,1131
3489,ONT,OAK,362
3497,ORD,PBI,1144
3500,SEA,TUS,1216
3501,SEA,MCI,1489
3502,SMF,OGG,2404
3505,ONT,SLC,558
3508,DFW,MOB,539
3510,DFW,GGG,140
3511,ORD,BUF,473
3513,ORD,CMH,296
3514,ORD,SBN,84
3516,DEN,CVG,1069
3518,LSE,ORD,215
3520,GSO,LGA,461
3521,LAX,SBA,89
3522,MFR,SLC,575
3523,ATL,ASE,1304
3525,DEN,BHM,1083
3526,SFO,MRY,77
3528,EWR,IAD,212
3530,GSO,IAD,239
3531,MDT,MCO,851
3535,ATL,LFT,503
3536,IAH,BFL,1428
3537,ORD,HNL,4243
3542,LAX,FLL,2342
3543,ATL,MKE,669
3544,BDL,BWI,283
3546,BWI,DAY,406
3548,BWI,MHT,377
3550,DEN,BNA,1014
3553,DEN,ONT,819
3556,MDW,CMH,283
3557,MDW,PVD,842
3558,MKE,LAX,1756
3559,PHX,MSY,1300
3562,STL,HOU,687
3563,STL,OKC,462
3564,STL,TUL,351
3575,SAN,MCO,2149
3576,SAN,LIH,2676
3579,BOS,CHS,818
3582,ATL,EGE,1312
3586,ATL,HDN,1340
3590,DAY,EWR,533
3594,IAH,BTR,253
3600,DFW,ROW,435
3601,ORD,BDL,783
3606,MMH,SFO,193
3607,IAH,JAN,351
3608,DEN,DSM,589
3612,TLH,ATL,223
3616,ORD,MTJ,1081
3618,IAH,DCA,1208
3622,IAH,LIT,374
3624,IAH,TPA,787
3625,FLL,SFO,2583
3626,DCA,CLE,310
3627,DEN,SHV,792
3629,BIL,DEN,455
3631,APN,DTW,198
3633,MKE,EWR,725
3634,SNA,SLC,588
3635,ORD,OGG,4184
3639,SAT,PHL,1496
3641,ATL,SAT,874
3642,BNA,BOS,942
3643,BNA,MCO,616
3646,DAL,ABQ,580
3647,FLL,MDW,1166
3648,LAS,FNT,1733
3649,LAS,TUS,365
3651,MCO,ISP,971
3652,OAK,DEN,957
3656,HOU,ECP,571
3657,HOU,FLL,957
3658,HOU,TPA,781
3659,ONT,SJC,333
3668,SEA,KOA,2688
3669,DFW,RNO,1345
3675,ORD,JAX,864
3676,IAH,CVG,871
3677,CLE,DTW,95
3678,IAH,CHS,925
3688,GRR,DTW,120
3693,IAH,TUL,429
3694,IAH,GSP,837
3695,IAH,HSV,595
3696,IAH,RDU,1042
3703,LAN,DTW,74
3706,DAL,SAN,1182
3707,HOU,ABQ,759
3708,LAS,MSY,1500
3709,LAS,SMF,397
3710,LGA,MDW,725
3712,SAT,DAL,248
3715,DFW,JFK,1391
3722,JNU,SIT,95
3727,ATL,MCI,692
3728,ATL,MYR,317
3729,IAH,MSY,305
3734,HSV,DFW,603
3737,ORD,ELP,1236
3739,ATL,GSP,153
3740,ORD,CMX,359
3741,LAX,SAF,710
3745,IAH,FLL,965
3749,ATL,GRK,803
3750,LNK,ORD,466
3751,EWR,IND,645
3752,CVG,TTN,532
3755,IAH,PHL,1325
3756,IAH,SJU,2007
3758,HPN,MCO,972
3759,ATL,FAY,331
3763,SLC,PHL,1927
3771,BNA,CMH,337
3773,BNA,MDW,395
3774,BOI,GEG,287
3778,LGA,CAK,397
3780,MDW,BUF,468
3782,MDW,MHT,838
3783,ATL,CMH,447
3784,SDF,TPA,727
3788,IAH,RSW,861
3789,EWR,EGE,1725
3791,DFW,OGG,3711
3803,BOI,MSP,1142
3805,STL,MSP,448
3806,ATL,BHM,134
3810,SDF,IAH,788
3811,SAN,HNL,2614
3814,ORD,FSD,462
3815,GEG,SLC,546
3817,IAH,BZN,1385
3822,LIH,OGG,201
3824,LGA,SRQ,1047
3826,AGS,ATL,143
3831,SFO,AUS,1504
3833,AUS,HOU,148
3834,BNA,SAN,1751
3836,BWI,LAX,2329
3837,CLT,HOU,920
3838,DCA,HOU,1218
3839,FLL,ISP,1092
3842,LAX,MKE,1756
3844,MSY,MDW,825
3845,PHX,MKE,1460
3846,RDU,TPA,587
3847,RSW,MDW,1105
3851,TPA,PHL,920
3852,OKC,HOU,419
3855,DFW,ONT,1188
3857,LAX,CMH,1995
3865,ATL,OMA,821
3866,ABQ,MSP,981
3867,TUS,MSP,1298
3871,ATL,ILM,377
3873,RSW,CLE,1025
3874,FLL,CVG,932
3877,ORD,BNA,409
3878,ORD,ABQ,1118
3879,ORD,CMI,135
3881,CEC,SFO,304
3883,EWR,STL,872
3886,ICT,ORD,588
3887,ORD,SDF,287
3888,CHS,JFK,636
3889,IAH,CLE,1091
3891,ATL,SDF,321
3894,AUS,SAN,1164
3895,BOS,MDW,861
3897,DAL,SNA,1216
3898,DEN,TPA,1506
3899,HOU,CRP,187
3900,LAS,MAF,795
3901,LIT,MDW,544
3903,MCI,MKE,436
3904,MCO,ALB,1073
3906,MCO,MHT,1142
3908,OAK,ONT,362
3910,SAN,SMF,480
3911,OAK,SAN,446
3912,OAK,SNA,371
3913,OKC,LAS,986
3918,ORD,RDU,646
3921,SEA,MSY,2086
3922,SEA,ABQ,1180
3925,ATL,SAN,1892
3931,EVV,ATL,350
3933,DFW,GJT,773
3935,DFW,ABI,158
3936,EYW,MIA,125
3940,SFO,MCI,1499
3941,SFO,FAT,158
3943,SEA,OMA,1368
3946,DEN,GTF,624
3956,MCO,ACY,852
3962,RSW,CVG,879
3963,IAH,SAV,851
3964,IND,ORD,177
3967,JAX,PHL,742
3968,SFO,STL,1735
3972,CHS,HOU,928
3974,LAS,ICT,986
3975,MCO,FNT,1011
3976,MDW,LAX,1750
3977,OAK,BOI,511
3978,OAK,MCI,1489
3979,RSW,IND,945
3981,TPA,CAK,894
3982,TPA,CMH,829
3983,PHX,SMF,647
3984,PHX,BOI,735
3987,ORD,SJC,1829
3989,DFW,ABQ,569
3993,DEN,JFK,1626
4001,ORD,BMI,116
4006,DEN,ICT,420
4007,SFO,OKC,1384
4011,BOS,SEA,2496
4012,EWR,SAV,708
4013,SFO,TUS,751
4018,HRL,IAH,295
4025,JAX,BOS,1010
4026,GPT,ATL,352
4029,ATL,CID,694
4032,SFO,BUR,326
4037,BHM,MDW,570
4038,DAL,MCI,460
4040,DTW,MDW,228
4041,FLL,IND,1005
4044,LAX,OAK,337
4045,MCO,CAK,861
4049,PDX,SMF,479
4050,PHL,BNA,675
4053,PHX,OAK,646
4054,PHX,RNO,601
4057,ORD,AUS,978
4064,ATL,HNL,4502
4066,ATL,TUS,1541
4067,ATL,ELP,1282
4075,ATL,BMI,533
4076,ROA,ATL,357
4080,ORD,COU,315
4081,ORD,BIS,716
4083,DFW,DRO,674
4085,LAX,SBP,156
4088,SFO,ABQ,896
4089,DEN,LIT,771
4093,DHN,ATL,170
4096,ATL,TUL,674
4100,ORD,DAY,240
4105,BDL,TPA,1111
4106,GSP,EWR,594
4114,FLL,ALB,1204
4117,MDW,CLT,584
4118,MSY,DAL,436
4125,STL,DEN,770
4126,ONT,LAS,197
4130,DFW,HNL,3784
4137,AUS,ORD,978
4139,SAV,JFK,718
4146,TPA,CVG,773
4150,LGB,PDX,846
4152,IAH,HOB,501
4153,ATL,GNV,300
4166,SFO,SUN,587
4167,DSM,MSP,232
4171,ORD,SPI,174
4172,SFO,SAT,1482
4176,ATL,JAN,341
4181,LRD,IAH,301
4185,JFK,PWM,273
4192,LGA,DCA,214
4197,BWI,SAT,1407
4199,DCA,IND,500
4200,DCA,RSW,892
4203,HOU,DEN,883
4204,IND,TPA,837
4206,SDF,MDW,271
4208,TPA,AUS,928
4209,TUL,DEN,541
4213,PDX,OAK,543
4216,CLE,LAS,1824
4218,LAS,CLE,1824
4231,WRG,PSG,31
4239,ATL,PNS,271
4249,ATL,BZN,1640
4255,DFW,BRO,482
4257,ATL,AVL,164
4259,LGA,ROC,254
4262,ORD,MHK,501
4266,ORD,CHA,501
4270,SLC,GEG,546
4274,SLC,RNO,422
4277,JAX,ORD,864
4278,SLC,EUG,618
4284,TUL,DTW,789
4285,DEN,LBB,456
4287,IAH,JAC,1265
4292,DAL,AUS,189
4297,ROC,TPA,1079
4299,SNA,OAK,371
4300,TUS,SAN,368
4301,OKC,STL,462
4315,PBI,DCA,857
4325,TTN,RSW,1028
4326,ORD,TOL,213
4333,DEN,SGU,517
4336,DEN,GCC,313
4337,SLC,HLN,402
4338,DEN,SJC,948
4340,PHX,BFL,425
4341,DEN,CPR,230
4345,AEX,ATL,500
4346,SLC,CPR,320
4350,SLC,PIH,150
4351,DEN,FAT,844
4355,PHF,ATL,508
4357,SLC,BOI,290
4360,DEN,SUN,557
4363,BUR,SMF,358
4368,MCO,DAY,808
4372,TPA,BDL,1111
4375,PHX,BNA,1449
4382,ANC,BET,399
4388,ATL,BNA,214
4392,SLC,VEL,132
4393,SLC,RDM,525
4394,SLC,SUN,222
4396,FSD,MSP,196
4397,DEN,BFL,845
4400,DEN,HYS,298
4401,DEN,EUG,996
4403,DEN,BUR,850
4404,PHX,SBA,455
4405,CNY,SLC,184
4409,SLC,PSC,521
4414,SLC,COD,298
4417,SLC,PSP,541
4422,KOA,OGG,84
4423,MSP,INL,255
4424,PHX,ONT,325
4425,PHX,GEG,1020
4434,BNA,DCA,562
4443,SFO,MKE,1845
4447,DEN,GEG,836
4453,MIA,STT,1107
4463,HOU,BOS,1609
4465,OMA,MSP,282
4467,MSP,MCI,393
4469,MSP,STL,448
4474,LGA,MSY,1183
4476,ICT,ATL,782
4477,MSN,ATL,707
4479,ORD,FNT,223
4488,AMA,IAH,517
4491,SLC,LGB,588
4492,DEN,SMF,909
4494,SLC,SMF,532
4496,MSY,DTW,926
4498,BRW,FAI,503
4499,SLC,GCC,410
4505,SLC,EKO,200
4510,CLT,MSP,930
4517,DEN,EGE,120
4519,BNA,HOU,670
4521,IAD,MDW,577
4522,MCI,FLL,1242
4526,SAN,OAK,446
4527,SAT,HOU,192
4529,SMF,BUR,358
4530,OKC,MDW,691
4531,DEN,ANC,2405
4535,SAN,CLT,2077
4541,PDX,OGG,2562
4545,LGB,AUS,1226
4548,MIA,MSP,1501
4551,GGG,DFW,140
4555,ORD,CVG,265
4559,AZO,ORD,122
4565,MSP,BJI,199
4567,SAV,ORD,773
4568,GJT,IAH,979
4569,SLC,IDA,188
4570,JAC,MSP,872
4571,DEN,SAF,303
4574,DEN,GUC,152
4575,DEN,IDA,458
4578,DEN,RNO,804
4579,DEN,JAC,406
4582,CMH,IAH,986
4589,CLT,LAS,1916
4592,DEN,PSC,852
4598,DAL,MAF,319
4599,FLL,MCI,1242
4600,GEG,LAS,806
4601,IND,FLL,1005
4604,MKE,SFO,1845
4607,RSW,BDL,1180
4611,STL,FLL,1056
4612,TPA,BUF,1053
4622,LAX,IND,1814
4626,RDU,FLL,680
4633,RSW,HPN,1102
4637,IAH,MOB,427
4647,DEN,PSP,776
4649,MSP,IMT,257
4650,MSP,BNA,695
4651,MSP,RAP,489
4652,DIK,MSP,481
4662,SRQ,ATL,444
4667,BHM,DTW,625
4671,DEN,HNL,3365
4672,PHX,LIH,2979
4674,LAX,PIT,2136
4677,LGA,PHL,96
4681,CLT,MCI,808
4682,PIT,PHL,268
4689,AUS,EWR,1504
4693,HOU,DCA,1218
4694,JAX,BWI,663
4696,LGA,HOU,1428
4697,MDW,PHL,668
4703,PHX,CLE,1737
4705,DEN,OGG,3302
4721,ORH,MCO,1091
4726,MSP,SNA,1522
4732,MSP,IAH,1034
4733,MSP,AUS,1042
4737,LGA,CMH,479
4738,LGA,TYS,647
4743,MSP,GRB,252
4750,SLC,JAC,205
4751,SLC,SNA,588
4753,MCI,EWR,1092
4755,ONT,IAH,1334
4762,SLC,BWI,1865
4766,IAH,BRO,308
4767,XNA,ATL,589
4769,PHX,KOA,2860
4770,CLT,BNA,328
4773,RDU,PHL,337
4777,BWI,MKE,641
4778,CAK,DEN,1224
4779,CMH,BWI,337
4781,HOU,AUS,148
4783,MCI,DCA,949
4791,TUS,LAS,365
4793,PBI,ISP,1052
4796,DEN,KOA,3329
4803,PSP,PDX,873
4804,SEA,SAT,1774
4805,SEA,LGB,965
4813,SRQ,JFK,1041
4819,ORD,BWI,622
4821,ORD,CID,196
4822,LAX,EUG,748
4823,MSP,RHI,190
4826,SLC,FAT,501
4828,TUS,PHX,110
4831,FLL,LAX,2342
4833,LEX,ATL,304
4836,HPN,TPA,1032
4842,IAH,GUC,886
4848,SFO,DAL,1476
4851,AUS,MDW,972
4853,CHS,BWI,472
4858,LBB,LAS,775
4859,MCI,PDX,1482
4860,MCO,HOU,849
4862,OAK,AUS,1497
4864,ABQ,LAS,486
4865,ABQ,PDX,1111
4867,SAT,SAN,1129
4869,SJC,SAN,417
4871,HOU,STL,687
4878,DFW,EGE,721
4880,DFW,FAT,1313
4883,SEA,STL,1709
4891,PNS,ORD,794
4893,LFT,ATL,503
4894,ORD,RST,268
4897,LGA,MYR,563
4901,MSP,HIB,174
4902,DEN,MFR,964
4904,MSP,ABR,257
4907,ORD,STC,394
4910,AUS,FLL,1105
4914,OMA,EWR,1134
4919,CLT,STT,1520
4923,MSY,PHL,1089
4927,BHM,DAL,587
4928,BWI,BDL,283
4935,MKE,BWI,641
4936,MKE,FLL,1243
4937,MSY,FLL,674
4938,ALB,TPA,1130
4944,RNO,LAX,391
4947,PHX,BUR,369
4948,DEN,LIH,3414
4950,IAH,HDN,985
4951,IAH,MTJ,927
4956,DFW,SDF,733
4957,ORD,EGE,1007
4963,SEA,AUS,1770
4964,FLL,HPN,1097
4969,SLC,MSO,436
4972,TRI,ATL,227
4982,ORD,TUL,585
4984,DFW,FAR,968
4991,SYR,ATL,794
4999,IAH,EGE,934
5002,PHL,RSW,993
5006,CLT,ALB,646
5008,CLT,RSW,600
5012,BWI,MDW,611
5013,BWI,RDU,255
5015,DEN,OAK,957
5020,IND,MCI,451
5025,MSY,MCI,689
5030,PIT,BWI,210
5033,TPA,DAL,917
5034,TPA,FNT,1036
5050,LIH,PDX,2631
5054,GRR,ATL,640
5055,MLU,ATL,448
5056,CHS,ORD,760
5057,MIA,IAD,921
5058,PHL,TPA,920
5062,ORD,MSN,108
5066,IND,IAH,844
5067,SLC,MFR,575
5071,OKC,IAD,1136
5072,GUC,DFW,678
5074,VLD,ATL,208
5083,BNA,PHL,675
5091,FLL,MKE,1243
5119,PBI,DTW,1086
5130,ORD,JAN,677
5134,ORD,MLI,139
5142,ORD,ICT,588
5143,SFO,ACV,250
5157,SIT,KTN,183
5158,ORD,RAP,779
5182,ICT,LAS,986
5184,MCO,BHM,479
5185,MCO,CMH,802
5186,MDW,MSP,349
5187,MDW,SMF,1790
5188,MDW,STL,251
5192,PWM,BWI,452
5193,ROC,MCO,1033
5195,OMA,STL,342
5206,OGG,SMF,2404
5210,SLC,HNL,2994
5215,DAY,ATL,432
5222,LAX,TPA,2158
5225,EWR,MCI,1092
5226,DTW,GRB,287
5227,DTW,GSO,460
5228,BQK,ATL,238
5230,BMI,ORD,116
5231,LGA,BNA,764
5233,MCI,DTW,629
5235,DTW,ESC,306
5251,TYS,EWR,631
5253,DTW,CIU,284
5264,BWI,SJU,1565
5265,DCA,STL,719
5266,DSM,LAS,1216
5267,EWR,AUS,1504
5277,MDW,SDF,271
5278,MHT,BWI,377
5284,ONT,SMF,390
5292,FLL,SWF,1118
5293,DCA,CHS,444
5296,ATL,DAB,366
5302,ATL,GRR,640
5313,FNT,ATL,645
5317,DTW,MCI,629
5328,PSG,JNU,123
5338,FAY,ATL,331
5339,ATL,SGF,563
5343,MKG,ORD,118
5350,JAC,LAX,784
5362,RDU,MCO,534
5381,OGG,PDX,2562
5394,ATL,BTR,448
5395,BMI,ATL,533
5396,CSG,ATL,83
5397,ATL,TRI,227
5400,ORD,LIT,552
5401,TUL,MSP,615
5403,ABQ,SLC,493
5408,MYR,ATL,317
5416,OKC,MSP,694
5422,DEN,SBA,916
5428,AUS,MCO,994
5429,BUR,PHX,369
5431,CRP,HOU,187
5435,MCI,LAX,1363
5439,SAT,EWR,1569
5453,DTW,BDL,549
5462,ATL,AEX,500
5463,CLE,RDU,416
5464,ORD,AZO,122
5465,ORD,ROC,528
5485,SRQ,DTW,1022
5487,ATL,CRW,363
5495,ATL,GPT,352
5501,DAY,MCO,808
5503,DTW,BWI,409
5504,ECP,BWI,798
5508,MAF,HOU,441
5511,MKE,BOS,860
5517,TPA,MDW,997
5523,MIA,STX,1139
5531,HNL,PDX,2603
5533,HOU,JFK,1428
5538,LAX,CVG,1900
5540,IAD,SAV,515
5541,IAD,ORF,157
5542,AVP,DTW,399
5543,DTW,LEX,296
5544,GSP,DTW,508
5545,IAD,PVD,372
5546,DFW,RAP,835
5547,DFW,GRI,561
5548,DRO,DFW,674
5552,ATL,SBN,566
5554,DTW,BNA,456
5555,IAD,STL,696
5556,IAD,IND,476
5557,DTW,PHL,453
5562,TUL,IAD,1027
5567,EWR,MKE,725
5568,CHO,ATL,457
5577,AUS,HRL,273
5579,BWI,BUF,281
5581,DEN,HOU,883
5585,SNA,LAS,226
5586,TPA,PIT,873
5588,PHL,PBI,951
5604,EGE,DFW,721
5612,EWN,ATL,433
5616,LGA,STL,888
5618,LGA,CHO,305
5623,BNA,JFK,765
5625,PDX,SBA,784
5626,RDM,SLC,525
5630,SJC,IAH,1608
5634,IAD,TYS,419
5635,FLL,TTN,1026
5637,SFO,JAC,737
5645,IAD,EWR,212
5653,FLL,RDU,680
5654,LGA,MKE,738
5658,SNA,SMF,404
5659,TPA,MHT,1204
5660,LAX,MSY,1670
5675,BOS,SLC,2105
5681,LAS,BOS,2381
5684,SDF,EWR,642
5685,HPN,ATL,780
5687,RIC,DTW,456
5688,ATL,VPS,250
5691,DFW,GCK,404
5695,DEN,CID,692
5696,DTW,PLN,243
5704,CLE,DCA,310
5709,MSY,LAX,1670
5714,GRK,ATL,803
5719,BNA,TPA,612
5722,DAL,SAT,248
5729,SAN,BNA,1751
5732,SNA,DAL,1216
5743,OME,ANC,539
5754,MLI,ATL,633
5755,IAD,JAX,630
5761,ORD,LSE,215
5762,ORD,MEM,491
5766,ASE,ATL,1304
5767,FCA,SLC,531
5771,LAX,SMX,134
5773,RNO,IAH,1530
5775,JAC,EWR,1874
5779,MSP,BRD,114
5782,DEN,OMA,472
5783,HSV,IAH,595
5784,IAD,CAE,401
5789,DTW,DSM,534
5790,JAC,SFO,737
5795,AUS,DCA,1315
5797,BUF,BWI,281
5800,CMH,MCO,802
5802,DEN,OKC,495
5803,EWR,HOU,1411
5812,HOU,EWR,1411
5813,HOU,LGA,1428
5814,OKC,DEN,495
5818,DFW,ORF,1212
5827,ORD,LNK,466
5830,DFW,COU,489
5836,RAP,SLC,508
5846,SFO,RDD,199
5847,BFL,IAH,1428
5848,ALB,ATL,853
5852,BWI,ECP,798
5856,DAL,LBB,293
5862,MKE,SEA,1694
5863,MSY,BNA,471
5864,ABQ,OAK,889
5866,PHX,OKC,833
5868,RSW,BWI,919
5869,SAT,MCO,1041
5870,HOU,GSP,845
5871,PDX,ABQ,1111
5880,PSP,ORD,1652
5881,SAV,BOS,901
5889,HDN,ATL,1340
5894,GRB,DTW,287
5896,DEN,PHF,1533
5903,ASE,DFW,701
5904,IND,JFK,665
5905,CHA,DFW,695
5909,BZN,SFO,807
5911,LAX,HDN,763
5916,LAX,ICT,1203
5921,CLT,ILM,185
5923,JAC,ATL,1572
5927,BWI,CMH,337
5929,CLE,MDW,307
5932,LAS,DSM,1216
5937,MCI,MDW,405
5938,MDW,MEM,480
5940,SAN,MSY,1599
5948,LAX,CLE,2052
5961,KOA,PDX,2607
5963,EGE,ATL,1312
5964,MSO,SLC,436
5966,MTJ,ATL,1352
5969,DFW,MEI,485
5971,IAH,BHM,562
5973,IAH,RIC,1157
5974,IAH,XNA,438
5975,IAH,LCH,127
5978,IAH,CLL,74
5981,TTN,MSP,989
5983,OGG,OAK,2349
5985,ORD,GRR,137
5988,IAH,TYR,163
6000,OGG,KOA,84
6003,COD,SLC,298
6007,ATL,GTR,241
6008,FLL,STT,1107
6009,JAC,ORD,1162
6012,DEN,RKS,260
6023,HRL,AUS,273
6026,MDW,SAT,1036
6032,OMA,MDW,423
6034,PHL,MDW,668
6037,EGE,MIA,1810
6044,PBI,BDL,1133
6046,PDX,ATL,2172
6050,IAH,CRW,975
6051,CLE,JFK,425
6053,CVG,JFK,589
6061,BZN,ORD,1186
6064,INL,MSP,255
6067,IAH,MKE,984
6068,IAH,LEX,828
6070,ORD,SLC,1250
6072,DEN,LAR,113
6075,CMH,EWR,463
6077,IAH,MEM,468
6079,EGE,DEN,120
6082,IAH,BOS,1597
6092,DCA,LGA,214
6097,BNA,SAT,822
6103,LAS,BHM,1618
6107,MAF,DAL,319
6108,MCI,SAN,1334
6110,MCO,MSY,551
6111,ABQ,MCI,718
6119,CLT,AUS,1032
6125,DFW,SJU,2165
6136,MCO,RIC,667
6139,EWR,SLC,1969
6147,DFW,CRW,946
6150,BNA,IAD,542
6155,MDT,DTW,371
6156,DFW,ASE,701
6167,IAH,GRR,1042
6175,IAH,TYS,771
6177,MTJ,ORD,1081
6184,IAH,MSP,1034
6198,RDU,MDW,632
6203,SFO,CLE,2161
6220,MSP,GRR,408
6227,BUF,DTW,241
6229,HNL,PHX,2917
6230,OGG,LIH,201
6243,IMT,MSP,257
6248,IAH,PIT,1117
6255,IAH,ORF,1201
6257,BOI,SLC,290
6266,FNT,MCO,1011
6267,GRR,MCO,1024
6271,SMF,ONT,390
6283,MSP,BZN,874
6285,MSP,MKE,297
6286,MSP,DCA,931
6287,ORD,LAN,179
6288,ORD,CRW,416
6289,ORD,ERI,398
6298,ORD,EVV,273
6303,ORD,PAH,342
6304,ORD,EAU,268
6306,BZN,SLC,347
6314,ORD,AVL,536
6317,ROC,MSP,783
6323,FLL,LBE,980
6331,JAC,SLC,205
6332,ORD,BHM,584
6344,AUS,MSY,444
6346,BWI,PVD,327
6347,HOU,BWI,1246
6350,MDW,OMA,423
6356,TUL,LAS,1076
6372,LAS,BLI,954
6381,CMH,MSP,626
6387,ORD,ORF,717
6389,ORD,CAK,343
6390,ORD,MHT,843
6392,EWR,PVD,160
6407,ORD,STL,258
6415,SRQ,ORD,1050
6418,ORD,LEX,323
6430,XNA,IAH,438
6431,MOB,ORD,779
6433,JMS,DVL,83
6440,SGU,DEN,517
6443,SEA,CLT,2279
6447,BNA,MCI,491
6448,BUF,TPA,1053
6454,MCO,RDU,534
6455,MDW,BOS,861
6456,MDW,BWI,611
6458,MDW,PIT,402
6459,MDW,RDU,632
6460,PVD,MDW,842
6464,TPA,LAS,1984
6477,BOS,MSY,1368
6479,MSP,IND,503
6481,MSP,FAR,223
6487,EWR,AVL,583
6488,ORD,SAV,773
6490,ORD,PVD,849
6491,ORD,CWA,212
6492,MCO,ILG,841
6494,OGG,SJC,2355
6500,GRB,MSP,252
6503,ATL,MLU,448
6505,ELP,ATL,1282
6526,BDL,MDW,777
6534,MDW,ALB,717
6536,MDW,CLE,307
6538,MDW,ORF,704
6541,RSW,CAK,991
6543,SMF,PDX,479
6544,OKC,DAL,181
6555,ANC,HNL,2777
6556,OGG,SEA,2640
6563,RST,ORD,268
6568,MSP,OKC,694
6569,ORF,JFK,290
6574,IAH,CAE,878
6575,GTR,ATL,241
6581,SJU,PHL,1576
6583,ATL,OAJ,399
6591,BET,ANC,399
6593,CHS,BOS,818
6605,BWI,ALB,289
6612,MDW,LIT,544
6619,LAS,DCA,2089
6636,CLE,BOS,563
6646,PSC,SLC,521
6657,EWR,CVG,569
6661,SUN,DEN,557
6670,DCA,SLC,1851
6673,ORD,HPN,738
6674,BZN,IAH,1385
6683,BWI,ORF,159
6684,CAK,RSW,991
6690,RDU,BNA,442
6707,SEA,FAI,1533
6710,DFW,LCH,295
6711,ATL,ABE,692
6715,DFW,EVV,642
6716,BIS,ORD,716
6719,ORD,ALO,234
6727,ICT,DEN,420
6729,OGG,LAX,2486
6738,ATL,ABY,145
6739,ATL,PHF,508
6750,CAK,TPA,894
6757,SAN,MCI,1334
6762,STL,RSW,979
6784,IAH,JAX,817
6787,SDF,ORD,287
6789,DFW,SPI,630
6801,ATL,LIT,453
6802,RDU,EWR,416
6806,ACY,TPA,913
6807,LAS,IAD,2065
6809,ATL,BUF,712
6814,SMF,ORD,1781
6815,ATL,CHS,259
6818,PHL,LAX,2402
6819,SJU,CLT,1475
6822,PHL,PIT,268
6824,BOI,LAS,519
6827,CLE,BWI,314
6842,AMA,LAS,758
6847,TPA,MCI,1048
6871,ATL,SHV,551
6880,SAF,LAX,710
6889,SLC,GJT,216
6890,SLC,SGU,272
6896,SLC,COS,411
6901,ORD,HSV,510
6906,AUS,CLT,1032
6913,ISP,TPA,1034
6921,MDW,BDL,777
6923,ALB,LAS,2237
6931,OGG,SFO,2338
6955,ATL,DHN,170
6961,ORD,MDT,594
6964,SLC,TWF,175
6972,CVG,MCO,757
6977,JAC,IAH,1265
6986,SLC,OMA,840
6995,DAY,BWI,406
7001,MDW,IAD,577
7008,OMA,LAS,1099
7020,JNU,PSG,123
7028,SLC,MCO,1931
7030,ATL,TYS,152
7036,RAP,ORD,779
7037,EWR,XNA,1131
7041,DFW,BMI,690
7046,TUS,PDX,1119
7048,OMA,SLC,840
7060,SDF,IAD,451
7065,TUS,ATL,1541
7066,GSP,IAH,837
7075,JFK,LGB,2465
7081,CVG,DEN,1069
7085,LIH,LAX,2615
7092,BWI,SDF,495
7093,DAL,AMA,323
7097,FNT,TPA,1036
7102,MDW,JAX,849
7103,MDW,RSW,1105
7108,PHX,TUL,935
7111,SJC,BUR,296
7119,KOA,LAX,2504
7124,STT,JFK,1623
7128,MIA,STL,1068
7131,ANC,ADK,1192
7141,ORD,ELM,566
7151,CHA,ORD,501
7152,LGA,SDF,659
7160,SRQ,BOS,1220
7162,IAH,SHV,192
7170,IAH,MLU,262
7180,BUF,MDW,468
7184,LIT,LAS,1294
7186,MKE,DCA,634
7187,ATL,CAK,528
7196,OGG,PHX,2845
7208,AUS,SLC,1086
7218,TYS,LGA,647
7227,SAT,SLC,1087
7231,ISN,IAH,1330
7232,CLL,IAH,74
7237,RSW,PHL,993
7249,RSW,CMH,930
7255,HOU,ELP,677
7269,JNU,SEA,909
7280,LCH,IAH,127
7281,CRP,HRL,107
7282,DEN,TYS,1162
7292,GCC,SLC,410
7293,EGE,EWR,1725
7295,PVD,IAD,372
7302,ORD,ALB,723
7303,STT,IAD,1606
7307,GUC,IAH,886
7317,MSY,STL,604
7321,SJC,MDW,1838
7334,DFW,ELP,551
7335,EGE,ORD,1007
7339,LIH,SEA,2701
7341,BDL,SJU,1666
7350,ATL,VLD,208
7353,CHO,LGA,305
7358,MIA,BHM,661
7365,CVG,EWR,569
7366,ILM,CLT,185
7367,EWR,MSN,799
7381,AUS,ELP,528
7386,HOU,TUL,453
7389,MCI,BOS,1256
7393,MSY,PHX,1300
7396,SFO,MDW,1855
7397,SJU,BWI,1565
7427,SFO,BFL,238
7430,ORD,CHO,567
7439,DEN,DIK,488
7441,STL,IAH,667
7442,SAV,IAD,515
7443,SUN,SFO,587
7449,TYR,IAH,163
7464,MCI,BNA,491
7471,SMF,SNA,404
7472,SNA,HOU,1357
7482,OGG,BLI,2681
7483,KOA,SEA,2688
7485,CHS,DCA,444
7487,ATL,DAY,432
7491,STL,IAD,696
7494,DFW,GSP,862
7507,DVL,DEN,638
7512,HDN,IAH,985
7519,FAR,SLC,866
7522,CLT,BDL,644
7535,MCI,TPA,1048
7546,KOA,SFO,2367
7548,MTJ,IAH,927
7564,IAH,AMA,517
7566,CLT,IAD,322
7567,RDU,CLE,416
7569,HNL,OAK,2409
7578,SEA,SBA,908
7584,EGE,IAH,934
7601,IAH,LBB,458
7607,IAH,GRK,166
7624,ECP,HOU,571
7626,ICT,MDW,589
7660,SFO,IND,1943
7663,DAY,IAD,368
7679,LIH,SFO,2447
7684,DAL,SFO,1476
7687,AUS,TPA,928
7688,FLL,AUS,1105
7691,MSY,SAN,1599
7693,SDF,MCO,719
7697,CLT,STL,575
7712,MEI,PIB,69
7713,EWR,GSO,445
7725,ORD,SUX,436
7730,SAN,BOI,749
7733,PHX,MRY,598
7737,EWR,MSP,1008
7740,PIT,IAD,182
7763,BWI,OKC,1180
7767,ELP,HOU,677
7770,LBB,DAL,293
7775,TPA,RDU,587
7798,SRQ,LGA,1047
7806,ORD,CAE,667
7809,ORD,XNA,522
7813,PHX,FAT,493
7825,HNL,GUM,3801
7837,MDW,AUS,972
7839,MKE,TPA,1075
7862,ORD,AVP,632
7866,BWI,JFK,184
7879,PHX,SBP,509
7885,RSW,TTN,1028
7889,DCA,EWR,199
7918,SDF,BWI,495
7920,TPA,ROC,1079
7922,ORF,BWI,159
7939,MCO,SYR,1053
7946,FLL,ORH,1211
7948,ATL,SYR,794
7950,ORD,SCE,528
7951,CLE,MKE,328
7953,ATL,MLI,633
7957,HNL,SAN,2614
7958,HNL,SMF,2462
7967,MCO,LBE,824
7971,PVD,EWR,160
7974,IAH,DSM,802
8019,MCO,SAT,1041
8023,OAK,ABQ,889
8062,ABY,ATL,145
8064,BHM,ORD,584
8072,SLC,BUR,574
8073,SFO,RDM,462
8096,SLC,GTF,463
8101,FNT,LAS,1733
8125,TUS,SEA,1216
8126,HNL,SJC,2417
8129,ATL,ALB,853
8138,LGA,GSO,461
8147,SBA,SEA,908
8152,ATL,PVD,903
8153,ATL,ATW,765
8154,EWR,GSP,594
8167,BWI,BNA,587
8169,FLL,STL,1056
8194,DEN,ELP,563
8195,IAD,UST,658
8198,JFK,CLE,425
8200,JFK,CVG,589
8208,SLC,ONT,558
8215,DEN,AMA,359
8219,JAX,IAH,817
8221,GJT,SLC,216
8222,SLC,ABQ,493
8223,SGU,SLC,272
8233,DCA,PHL,119
8238,DAL,LIT,296
8240,HOU,BNA,670
8264,TPA,HPN,1032
8292,SLC,BNA,1404
8310,BNA,RDU,442
8314,LAS,FLL,2173
8317,MKE,LGA,738
8325,SDF,DFW,733
8334,MCO,SWF,989
8337,MSP,JFK,1029
8346,DTW,RIC,456
8347,DTW,PVD,615
8363,ATL,MDT,620
8373,ATL,BQK,238
8374,PSG,WRG,31
8378,DTW,RDU,501
8380,MSP,SBN,411
8391,BWI,CLE,314
8406,STT,EWR,1634
8425,DTW,ABE,425
8431,DFW,JLN,327
8444,SFO,ANC,2018
8472,BOS,BNA,942
8482,LAS,LIT,1294
8487,RDU,PHX,1891
8489,SAT,TPA,972
8490,TPA,BHM,459
8501,SJU,STX,94
8502,RIC,FLL,805
8504,MSP,JAX,1174
8510,MSP,SJC,1576
8517,DTW,OKC,900
8520,MSP,TTN,989
8521,JFK,CMH,483
8522,JFK,IND,665
8523,JFK,ORF,290
8534,BHM,DEN,1083
8542,MSP,BOI,1142
8543,ORD,OAK,1836
8554,DCA,MCI,949
8556,HOU,CLT,920
8560,MCO,SAN,2149
8579,ABQ,SEA,1180
8580,SJU,ORD,2072
8585,TYS,ATL,152
8588,MSP,PHL,980
8589,MSP,GEG,1175
8595,IAH,AEX,190
8613,DTW,EVV,363
8632,STT,PHL,1605
8643,ICT,DAL,333
8659,LIH,OAK,2457
8660,KOA,SJC,2384
8665,MSP,MSO,1013
8667,MSP,ANC,2519
8670,PIB,DFW,462
8687,MSP,BIL,748
8689,DEN,BMI,834
8709,MSY,AUS,444
8716,TPA,MEM,655
8730,SWF,FLL,1118
8737,AVP,ATL,714
8758,DTW,MSN,311
8761,EVV,DFW,642
8777,AVL,EWR,583
8785,BNA,MSY,471
8791,LAS,STL,1371
8793,MDW,GSP,562
8800,SDF,LAS,1624
8820,MSP,BDL,1050
8821,DTW,PDX,1953
8829,MSP,RIC,970
8831,DTW,PIA,346
8837,DTW,CVG,229
8842,DTW,CAK,133
8845,MKE,CLE,328
8851,EWR,GRR,605
8870,FLL,CMH,973
8877,MCO,ROC,1033
8883,HOU,MAF,441
8898,STT,BOS,1693
8905,MSP,CMH,626
8911,DTW,CLE,95
8916,DFW,BIS,977
8922,DTW,SBN,157
8924,GRR,IAH,1042
8936,EWR,SDF,642
8953,PHL,LGA,96
8961,BOS,MKE,860
8962,BWI,IND,516
8982,SFO,RDU,2400
9017,DTW,OMA,651
9019,GRB,ATL,774
9036,MSP,DAY,574
9044,DTW,IND,231
9048,GRK,IAH,166
9058,HSV,DEN,1048
9059,PHL,SFO,2521
9060,PHL,MSY,1089
9067,DEN,ABQ,349
9074,OKC,BWI,1180
9077,ANC,SFO,2018
9092,DTW,CID,430
9095,HNL,LAS,2762
9100,MSP,ICT,545
9120,LFT,DEN,978
9127,CLT,RIC,257
9152,BOS,LGB,2602
9165,ATL,PIA,565
9188,ATL,CHA,106
9189,ILG,MCO,841
9200,DAL,BHM,587
9202,GSP,BWI,426
9203,LAS,ALB,2237
9205,MCI,ABQ,718
9207,PIT,TPA,873
9210,TUL,HOU,453
9243,LGA,CHS,641
9252,OMA,SEA,1368
9259,LGA,DAY,549
9267,IAH,ICT,542
9278,PHL,SAN,2370
9279,CLT,PVD,683
9281,CLT,SYR,603
9285,BNA,PNS,391
9293,MDW,CHS,745
9312,ATL,PDX,2172
9322,TTN,PBI,985
9331,MSP,LAN,455
9360,CAK,LGA,397
9367,MAF,LAS,795
9372,SAN,SAT,1129
9384,OGG,SAN,2541
9394,HNL,JFK,4983
9419,CLT,BUF,546
9424,BNA,JAX,483
9436,STL,MCI,237
9454,WRG,KTN,82
9455,MCI,SEA,1489
9462,ATL,SNA,1919
9469,JFK,BWI,184
9485,LBE,FLL,980
9494,HDN,LAX,763
9505,AUS,BNA,756
9508,BUF,LAS,1986
9522,TPA,SAT,972
9551,CRW,DFW,946
9574,AUS,LBB,341
9583,JAX,MDW,849
9584,LIT,BWI,912
9617,LEX,IAH,828
9621,EWR,RIC,277
9635,KTN,SIT,183
9639,RDU,LAX,2239
9647,FLL,PIT,994
9651,MCI,OAK,1489
9667,MCO,CVG,757
9674,CRW,IAH,975
9681,SDF,LGA,659
9688,XNA,EWR,1131
9696,EWR,OMA,1134
9698,HNL,ORD,4243
9700,BWI,MSY,998
9719,STX,SJU,94
9735,IAD,RSW,891
9782,MCO,SDF,719
9785,RSW,STL,979
9791,PDX,PSP,873
9802,IAD,RIC,100
9803,IAD,SDF,451
9804,FSM,ATL,579
9820,IAD,BNA,542
9831,SLC,DCA,1851
9833,JFK,OAK,2576
9838,HNL,IAD,4817
9840,IAD,SMF,2358
9857,LAS,LBB,775
9886,MSY,BOS,1368
9898,IAD,MCI,926
9899,IAD,GRR,501
9905,JFK,BNA,765
9910,TPA,ACY,913
9918,SLC,RKS,162
9932,IAD,BUF,283
9933,AEX,IAH,190
9935,CID,DEN,692
9949,GEG,BOI,287
9950,LAS,SDF,1624
9952,MCO,MEM,684
9956,ALB,MDW,717
9961,HOU,PNS,488
9977,BOS,PDX,2537
9979,SLC,SAT,1087
9998,MDT,ORD,594
10004,SLC,TUL,926
10006,SLC,LWS,461
10015,ATL,ABQ,1269
10020,IAD,CMH,299
10022,ORD,SGF,438
10030,IAD,TUL,1027
10032,OGG,ORD,4184
10048,PIT,HOU,1131
10062,DCA,PDX,2350
10068,SLC,BOS,2105
10089,PHL,AUS,1430
10119,PHL,STL,814
10129,ADK,ANC,1192
10131,BOS,SJC,2689
10163,IAD,OKC,1136
10180,DCA,AUS,1315
10181,DEN,DAY,1085
10188,MEM,BWI,787
10202,BWI,SEA,2335
10205,IAD,DTW,383
10207,IAD,LGA,229
10213,ORD,PIA,130
10218,STT,FLL,1107
10220,SBA,PDX,784
10224,LAX,ITO,2449
10252,AUS,OAK,1497
10261,ABQ,DEN,349
10266,TPA,MKE,1075
10290,IAD,FLL,901
10297,DFW,CMI,693
10310,BRD,INL,153
10318,IAD,PDX,2327
10322,ORF,IAH,1201
10328,PHL,DCA,119
10342,PHX,BUF,1912
10353,JFK,EGE,1746
10358,JFK,BUR,2465
10362,SLC,MSY,1428
10394,SLC,RAP,508
10396,ORD,COS,911
10398,SJU,IAD,1571
10417,FNT,BWI,452
10440,HNL,ATL,4502
10459,IAH,BOI,1482
10483,IAH,OKC,395
10490,STT,CLT,1520
10491,CLT,SAT,1095
10498,LAS,BUF,1986
10520,DFW,JAC,1047
10526,PHL,SEA,2378
10529,BLI,HNL,2715
10539,RHI,IMT,67
10555,DSM,IAH,802
10566,PHL,IND,588
10577,DEN,JAX,1447
10579,DEN,RDU,1436
10584,MDW,TUL,583
10589,STL,OMA,342
10592,TUL,STL,351
10603,HNL,DFW,3784
10618,JFK,SAT,1587
10661,EWR,DCA,199
10663,PHL,SAT,1496
10675,DEN,BDL,1671
10682,GRR,BWI,528
10689,RDU,HOU,1050
10695,MSY,SFO,1911
10728,LBE,MCO,824
10746,CLT,PWM,813
10750,CLE,BNA,448
10754,MCO,ORF,655
10787,ORD,MOB,779
10793,LAX,RDM,726
10848,MCO,GRR,1024
10851,ABQ,BWI,1670
10875,UST,IAD,658
10877,TTN,IND,610
10881,ORD,MQT,303
10906,CLT,ROC,573
10913,PHL,JAX,742
10917,BWI,LIT,912
10921,GEG,OAK,723
10930,PNS,HOU,488
10933,SAN,TUS,368
10942,OGG,DFW,3711
10954,EGE,LAX,748
10979,MSY,ORD,837
11011,CLT,SAN,2077
11041,ICT,LAX,1203
11060,PHL,RDU,337
11069,BHM,MCO,479
11082,RSW,PIT,966
11093,TPA,SEA,2520
11095,SYR,MCO,1053
11103,STL,TTN,837
11117,EWR,PDX,2434
11129,IAD,PHX,1956
11138,CMH,BNA,337
11143,MKE,MCI,436
11145,ROC,BWI,277
11165,ORD,ABE,654
11188,CLT,PDX,2282
11194,ELP,SAT,496
11200,MCI,HOU,666
11205,SAT,MDW,1036
11218,STL,SEA,1709
11219,MSY,SEA,2086
11221,LAX,MEM,1619
11231,BOI,SAN,749
11236,RKS,GCC,261
11246,ATL,COS,1184
11251,SIT,JNU,95
11295,FLL,SEA,2717
11296,PHX,ANC,2552
11297,SAT,SEA,1774
11302,ORH,FLL,1211
11317,MIA,MEM,859
11320,RSW,LBE,956
11324,LAX,OKC,1187
11331,MSN,EWR,799
11334,GRR,EWR,605
11339,BOS,STL,1047
11362,AUS,SEA,1770
11386,IAH,PDX,1825
11387,IAH,SMF,1609
11392,JFK,SJC,2569
11394,ICT,IAH,542
11414,SAN,RNO,488
11420,CMH,LAX,1995
11427,PHF,DEN,1533
11444,EWR,TYS,631
11465,ORD,RNO,1671
11483,AUS,BOS,1698
11533,MEM,HOU,484
11540,TPA,ISP,1034
11541,TPA,SDF,727
11553,MCO,SEA,2554
11563,ORD,GSO,589
11577,EWR,SAT,1569
11580,DEN,RDM,898
11598,AUS,SJC,1476
11620,BRW,ANC,725
11630,ATL,MHT,952
11637,ATL,EWN,433
11664,ATL,BTV,961
11666,OAK,DFW,1457
11674,CHS,BNA,439
11678,GSP,MDW,562
11681,LAS,TUL,1076
11703,MIA,SEA,2724
11706,SWF,MCO,989
11725,ATL,MBS,683
11748,SJU,DCA,1554
11755,BHM,HOU,570
11781,IND,EWR,645
11786,ATL,GRB,774
11787,IAH,PBI,956
11824,STL,DCA,719
11832,IND,LAX,1814
11842,JFK,PDX,2454
11848,EWR,SBN,637
11852,LAX,GEG,945
11854,DEN,COD,391
11872,BNA,ECP,401
11873,BNA,FLL,793
11877,BOS,MCI,1256
11887,MDW,TUS,1440
11914,ATL,FAR,1123
11916,ATL,SCE,615
11917,BUF,IAD,283
11936,BMI,DEN,834
11956,MSY,BWI,998
11980,ORF,IAD,157
12005,JAX,HOU,816
12010,MDW,PDX,1751
12015,TPA,ALB,1130
12026,LGA,IAD,229
12031,SEA,COS,1068
12073,RDU,STL,667
12075,STL,CMH,409
12077,STL,GRR,382
12078,STL,PHL,814
12079,STL,RDU,667
12095,ATL,CHO,457
12096,JFK,SMF,2521
12100,ATL,RAP,1230
12102,ATL,LNK,841
12113,EWR,TUL,1215
12142,OAK,GEG,723
12167,ATL,SJC,2116
12189,SFO,COS,964
12202,BOS,CAK,549
12214,HOU,MEM,484
12223,LAX,ANC,2345
12241,DTW,TTN,464
12257,ATL,CSG,83
12279,MKE,STL,317
12304,DTW,PIT,201
12312,ATL,AZO,596
12329,DEN,PIA,793
12353,CMH,IAD,299
12391,ATL,LAN,631
12411,DEN,HLN,594
12420,HNL,IAH,3904
12435,MCI,IND,451
12455,MIA,BDL,1194
12482,CVG,BNA,230
12539,JFK,ABQ,1826
12545,JFK,DEN,1626
12552,PBI,TTN,985
12559,CVG,MKE,318
12582,BWI,FNT,452
12583,HOU,CHS,928
12588,MDW,ICT,589
12594,HOU,JAX,816
12601,MIA,SAN,2267
12617,ATL,ELM,717
12629,PBI,ACY,936
12640,SYR,EWR,195
12650,BNA,AUS,756
12655,MDW,SJC,1838
12660,HOU,MCI,666
12662,KOA,DEN,3329
12677,ATL,FSD,954
12697,FLL,MYR,529
12712,HOU,BHM,570
12715,MDW,ONT,1706
12770,HOU,RDU,1050
12773,CLT,SLC,1727
12784,RSW,IAD,891
12792,ANC,ORD,2846
12880,SFO,PSC,620
12892,KTN,JNU,234
12923,ATL,PWM,1027
12948,BWI,GRR,528
12950,DCA,CAK,274
12956,SAN,ABQ,628
13012,FLL,RIC,805
13014,ATL,SMF,2092
13026,ATL,AVP,714
13030,EWR,DSM,1017
13035,BNA,CLE,448
13037,BNA,PIT,462
13046,LIH,DEN,3414
13106,FLL,IAD,901
13160,LGB,BOS,2602
13184,ATL,FSM,579
13219,IND,TTN,610
13246,MDW,ROC,523
13267,MIA,GSO,710
13297,STL,MKE,317
13306,SEA,BLI,93
13320,MIA,RIC,825
13338,EWR,BQN,1585
13349,CVG,PHX,1569
13352,MYR,ACY,466
13356,OAK,JFK,2576
13357,HNL,EWR,4962
13362,DAL,ICT,333
13393,MDW,DSM,306
13424,STL,MSY,604
13458,MIA,BNA,806
13485,BWI,GSP,426
13493,BUR,JFK,2465
13497,TTN,DTW,464
13507,FLL,PBG,1334
13515,HNL,ANC,2777
13516,MCO,PSE,1179
13528,MIA,GNV,294
13543,SJC,BOS,2689
13552,FLL,IAG,1176
13559,IAD,ROC,288
13578,LIH,PHX,2979
13587,HNL,SLC,2994
13654,MCO,BQN,1129
13662,KOA,PHX,2860
13682,TTN,STL,837
13700,ITO,LAX,2449
13725,SAN,MIA,2267
13733,SFO,BWI,2457
13734,SFO,PIT,2254
13736,MYR,BOS,738
13803,HNL,DEN,3365
13805,SFO,MSY,1911
13808,PDX,DTW,1953
13809,SJC,ATL,2116
13821,OGG,DEN,3302
13829,SAN,CVG,1865
13840,SJC,JFK,2569
13848,SEA,CVG,1965
13863,ANC,LAS,2304
13880,ANC,FAI,261
13886,ANC,LAX,2345
13887,HNL,BLI,2715
13896,ANC,DEN,2405
13897,SMF,JFK,2521
13914,LAS,ANC,2304
13919,SMF,ATL,2092
13920,DEN,PBI,1679
13922,FLL,BQN,983
13939,ABQ,JFK,1826
13942,JFK,PSE,1617
13956,PHX,CVG,1569
14036,BQN,FLL,983
14048,FAR,MSP,223
14096,MSO,MSP,1013
14121,ROC,EWR,246
14178,BTV,ATL,961
14221,TUL,EWR,1215
14283,BWI,SFO,2457
14451,BZN,MSP,874
14460,BIL,MSP,748
14498,DSM,EWR,1017
14508,FAR,ATL,1123
14519,CHS,LGA,641
14533,ABE,ORD,654
14877,SBN,EWR,637
15037,TTN,MCO,896
15043,ICT,MSP,545
15052,FSD,ATL,954
15058,GEG,LAX,945
15117,MHT,ATL,952
15121,PWM,ATL,1027
15142,LAN,ATL,631
15144,RAP,ATL,1230
15145,AZO,ATL,596
15147,CID,DTW,430
15152,TPA,ILG,899
15159,LGA,XNA,1147
15281,CAK,DTW,133
15298,RAP,MSP,489
15375,LNK,ATL,841
15380,SCE,ATL,615
15389,LIT,LGA,1085
15438,IAD,MEM,742
15503,TTN,MDW,683
15508,DAY,MSP,574
15527,PIT,SFO,2254
15642,SJC,LIH,2466
15704,BHM,LGA,866
15712,LEX,LGA,604
15714,PBI,DEN,1679
15827,PVD,DTW,615
15837,CAE,LGA,617
15954,MSY,SLC,1428
15978,LAN,MSP,455
16045,CHA,DTW,505
16074,IAH,STL,667
16131,AUS,DTW,1149
16245,LBE,TPA,866
16454,ELM,ATL,717
16470,MBS,ATL,683
16585,EWR,BDL,116
16769,DTW,IAD,383
16850,EWR,BUF,282
16941,DSM,SLC,955
16949,EWR,ROC,246
17026,IAD,GSP,384
17292,MKE,CVG,318
17309,BDL,MSP,1050
17463,DTW,ORF,529
17464,DTW,CHA,505
17656,EWR,BWI,169
17711,MDW,TTN,683
17750,BOS,LGA,184
17828,MEM,IAD,742
17976,MSP,RNO,1405
18205,ILG,TPA,899
18216,LGA,ORF,296
18250,CVG,SAN,1865
18284,CVG,MSP,596
18341,XNA,LGA,1147
18419,SLC,AUS,1086
18579,OAK,KOA,2378
18590,LGA,CAE,617
18616,MCO,TTN,896
18734,MSY,CMH,806
18788,DTW,FWA,128
18916,MSP,MSN,228
18972,JNU,YAK,199
18981,MSP,PSP,1454
19017,GSO,ORD,589
19099,MSP,CID,220
19131,GSP,IAD,384
19236,PDX,LIH,2631
19512,BWI,EWR,169
19646,BDL,EWR,116
19787,LGA,BOS,184
19816,BLI,OGG,2681
19933,ORF,DTW,529
20100,CLT,CHS,168
20250,FWA,ATL,508
20256,ORF,LGA,296
20383,RNO,MSP,1405
20694,LIH,SAN,2676
20715,YAK,CDV,213
20864,ANC,KOA,2874
20976,DTW,TVC,207
20985,SFO,OTH,412
21211,TTN,BNA,706
21371,DTW,MBS,98
21535,EWR,ALB,143
21579,PSP,MSP,1454
21583,IAD,CLT,322
21617,CHS,CLT,168
21667,TTN,UST,801
21864,DEN,MDT,1474
22021,MSP,BIS,386
22124,MCO,BMI,936
22214,MSP,RST,76
22279,CDV,ANC,160
22356,ORD,GSP,578
22433,TVC,DTW,207
22435,DEN,GSO,1370
22613,DTW,LIT,705
22615,DTW,SAT,1214
22636,ATL,RST,831
22657,MBS,DTW,98
22734,DTW,ELM,332
22743,SLC,MSN,1174
22796,DTW,SAV,705
23001,OTH,SFO,412
23194,OGG,ANC,2797
23202,BNA,TTN,706
23231,ALB,IAD,325
23359,MSP,SAT,1097
23790,RST,ATL,831
23989,ATL,DSM,743
24298,DTW,MLI,373
24308,MSP,CWA,175
24373,ANC,ADQ,253
24389,LGA,BTV,258
24394,BMI,MCO,936
24412,ANC,CDV,160
24501,ELM,DTW,332
24543,KOA,OAK,2378
24544,LIH,SJC,2466
24643,LIT,DTW,705
24658,TTN,TPA,955
24708,RST,MSP,76
24826,ATL,FWA,508
24969,UST,TTN,801
25229,MLI,DTW,373
25322,GSP,LGA,610
25616,HNL,PPG,2599
25633,GSP,ORD,578
25688,IAD,PBI,859
25723,SAV,DTW,705
25729,BOS,CVG,752
25730,DSM,ATL,743
25892,CDV,YAK,213
25971,IAD,CHS,441
26047,CWA,MSP,175
26280,ADQ,ANC,253
26330,ANC,BRW,725
26974,TTN,MKE,701
27001,FWA,DTW,128
27163,SAT,MSP,1097
27307,LGA,LIT,1085
27453,YAK,JNU,199
27478,TPA,LBE,866
27609,MDT,DEN,1474
27622,MSN,SLC,1174
27841,ATL,ONT,1900
27928,OTZ,OME,183
27963,TTN,CLT,484
28045,GSO,DEN,1370
28105,LGA,LEX,604
28188,TPA,TTN,955
28280,CHS,IAD,441
28647,LGA,BHM,866
28734,ATL,OAK,2130
28738,DTW,AUS,1149
28828,CVG,SFO,2036
28832,CVG,BOS,752
28949,MKE,TTN,701
29043,SLC,DSM,955
29092,CVG,LAS,1678
29098,PBI,IAD,859
29156,BRW,SCC,204
29947,DTW,SCE,301
29986,CLT,TTN,484
30101,SCC,ANC,627
30493,SFO,CVG,2036
30513,OAK,ATL,2130
30575,LAS,CVG,1678
30586,ONT,ATL,1900
30598,PPG,HNL,2599
30948,OKC,EWR,1325
31518,TUL,MIA,1168
32547,MCO,OMA,1211
33063,SEA,JAC,621
33111,ORD,PWM,900
33243,JFK,JAC,1894
33378,IAD,JAC,1750
33682,EWR,HDN,1728
33997,ORD,STT,2116
34080,CLE,SJU,1839
34097,MSP,SJU,2404
34213,EWR,BZN,1882
34346,MSP,EGE,788
34672,KOA,ANC,2874
34836,LGA,JAX,833
34868,IAD,HDN,1582
34928,ORD,FCA,1352
34930,ORD,GUC,1031
34934,PHX,MTJ,419
35026,EWR,MTJ,1795
35117,ORF,EWR,284
35176,LGA,EYW,1207
35275,DTW,SJU,1930
35291,MSP,ATW,236
35388,ORD,HDN,1009
35461,OMA,MCO,1211
35649,JFK,PSP,2378
35687,ATL,MSO,1800
35913,JAX,DTW,813
36059,ATL,STX,1638
36248,DEN,MMH,780
36393,MSP,ASE,802
36394,JAC,SEA,621
36485,JAC,IAD,1750
36653,SEA,BZN,543
36811,PWM,ORD,900
36837,CLT,STX,1562
36904,ATW,MSP,236
37067,MTJ,PHX,419
37086,HDN,EWR,1728
37219,DTW,ATW,296
37245,JAC,JFK,1894
37530,GUC,ORD,1031
37558,DFW,MTJ,722
37597,HDN,ORD,1009
37633,IAD,DAY,368
37652,IAD,RDU,224
37845,EGE,MSP,788
37863,SFO,MTJ,791
37871,BZN,EWR,1882
37944,ATW,DTW,296
38059,MMH,DEN,780
38064,JAX,LGA,833
38079,FCA,ORD,1352
38234,HDN,IAD,1582
38376,ASE,MSP,802
38454,MSP,MEM,700
38523,SFO,HDN,838
38604,LAX,MTJ,666
38662,EWR,ORF,284
38671,SEA,HDN,891
38675,MTJ,EWR,1795
38907,DTW,JAX,813
38935,MSO,ATL,1800
39015,DTW,MHT,610
39216,GSO,ROA,84
39412,MTJ,DFW,722
39613,RDU,IAD,224
39626,PSP,JFK,2378
39668,EYW,LGA,1207
39682,BZN,SEA,543
39891,SJU,CLE,1839
40014,MCO,MSN,1109
40158,EWR,PWM,284
40991,MEM,MSP,700
41120,MHT,DTW,610
41290,STT,ORD,2116
41301,MTJ,LAX,666
41366,STX,ATL,1638
41484,SJU,DTW,1930
41652,EWR,BTV,266
41748,SJU,MSP,2404
41913,MTJ,SFO,791
41931,STX,CLT,1562
41988,PWM,EWR,284
42062,MSP,MOT,449
42085,HDN,SFO,838
42148,HDN,SEA,891
42169,PHL,BWI,90
42513,IAD,ROA,177
42700,MSN,MCO,1109
43283,BTV,EWR,266
44228,PHX,DSM,1149
44312,ROA,IAD,177
44466,MSP,MBS,463
44680,MIA,TUL,1168
48075,MBS,MSP,463
48605,DSM,PHX,1149
48613,BWI,PHL,90
48760,DEN,DRO,251
50023,MSP,GFK,284
50408,DRO,DEN,251
50827,DEN,HDN,141
50935,DSM,DTW,534
54650,DTW,CMH,155
55000,MSP,XNA,596
56001,EWR,PIT,319
56238,CMH,DTW,155
56460,DTW,ROC,296
57375,XNA,MSP,596
58146,ROC,DTW,296
58404,PIT,EWR,319
60540,LGA,MCI,1107
60635,LGA,OMA,1148
60656,MSP,AZO,426
60961,SLC,MCI,920
61474,LGA,MHT,195
62716,AZO,DTW,113
62745,MCI,SLC,920
63045,MHT,LGA,195
63121,INL,HIB,86
63556,LEX,DTW,296
63671,MCI,LGA,1107
64223,OMA,LGA,1148
64491,GRR,CVG,268
64493,AZO,MSP,426
64574,GSO,DTW,460
67499,DTW,HPN,505
67769,DTW,ERI,164
68973,CVG,GRR,268
69339,CVG,STL,308
69403,ERI,DTW,164
69637,DTW,AZO,113
70010,HPN,DTW,505
70165,LGA,CVG,585
70538,STL,CVG,308
71502,DTW,HSV,554
72550,MSP,RDU,980
72565,MSP,BMI,375
72900,HSV,DTW,554
73242,DTW,GSP,508
73307,DTW,DAY,166
73417,PIT,LGA,335
73491,EWR,AVP,93
73492,CVG,LGA,585
73511,CVG,MSN,373
73512,CVG,CLT,335
74063,LGA,BUF,292
74395,MSN,CVG,373
74560,BMI,MSP,375
74819,DAY,DTW,166
75207,AVP,EWR,93
75387,CLT,CVG,335
75492,ORD,ROA,531
76167,LGA,PIT,335
76331,CLE,BDL,476
76365,BUF,LGA,292
77082,CLT,MDT,413
77236,MSP,MLI,274
77330,RDU,BDL,532
77410,MSP,LSE,119
77859,PIT,DCA,204
78342,HIB,INL,86
79226,BTV,IAD,441
79234,ROC,IAD,288
79626,MLI,MSP,274
80418,BDL,CLE,476
80460,BDL,RDU,532
80712,CLE,STL,487
80718,LSE,MSP,119
81915,STL,CLE,487
81925,IAD,BTV,441
82602,MDT,CLT,413
82635,BNA,RSW,722
82746,GRR,TPA,1041
84018,TPA,GRR,1041
85246,OAK,DAL,1468
86469,OAK,BWI,2447
87040,EWR,MHT,209
87135,GRR,RSW,1147
87544,DTW,PWM,668
87655,RSW,GRR,1147
88396,DAL,OAK,1468
88666,MHT,EWR,209
89436,CVG,MEM,403
89804,PWM,DTW,668
90210,BWI,OAK,2447
90351,MEM,CVG,403
90814,DCA,PIT,204
91464,RSW,BNA,722
92250,OME,OTZ,183
92827,MSP,FNT,491
94101,IAD,SYR,296
96098,FNT,MSP,491
99099,DTW,MEM,610
100143,MSP,LNK,331
100404,MSP,FCA,1026
100881,MEM,DTW,610
101941,LNK,MSP,331
103280,FCA,MSP,1026
104600,CLT,CMH,347
105517,IAD,HSV,596
106662,CMH,CLT,347
107107,HSV,IAD,596
108144,RIC,CAE,326
142194,PVD,RSW,1200
142204,MKE,MSY,903
144542,BUF,RSW,1144
147047,LGA,SYR,198
147185,MSY,MKE,903
147510,RSW,FNT,1138
147616,DTW,ALB,489
147702,RSW,BUF,1144
148709,RNO,MDW,1680
148935,MDW,RNO,1680
149169,SYR,LGA,198
150399,FNT,RSW,1138
151113,RSW,PVD,1200
151326,ALB,DTW,489
155061,BUF,MSP,735
160232,MSO,BTM,101
240382,FAR,JMS,88
268830,AUS,MSP,1042
275768,DTW,SYR,374
277765,SYR,DTW,374
310532,BTR,DCA,985
335394,RDU,PHF,154
371740,DCA,BTR,985
460034,MHT,PHX,2280
463759,DTW,SDF,306
479649,PIT,JFK,340
480958,CLT,GSO,83
482228,DTW,BGM,378
482398,MSP,HLN,913
483608,HLN,MSP,913
484141,BGM,DTW,378
485053,OMA,PDX,1369
485250,GSO,CLT,83
487088,PHX,MHT,2280
498333,DTW,RST,477
500177,RST,DTW,477
578448,SWF,LGA,52
587976,ANC,IAH,3266
606634,RAP,JMS,291
631603,IAD,MSY,955
634927,PHL,CLE,363
636663,DTW,MYR,636
637696,CLE,PHL,363
638322,MSY,IAD,955
639848,EWR,SRQ,1034
640023,MYR,LBE,456
642578,LBE,MYR,456
643680,SRQ,EWR,1034
644789,MYR,ORD,753
646976,ORD,MYR,753
649695,MSP,FWA,488
650582,DTW,BMI,313
650717,MYR,DTW,636
651175,LGA,GRR,618
651466,DTW,SWF,479
652495,SWF,DTW,479
652783,GRR,LGA,618
653670,BMI,DTW,313
655918,MYR,IAG,650
656293,CVG,XNA,562
658642,IAG,MYR,650
663442,XNA,CVG,562
664745,MSP,PSC,1254
666675,DTW,BGR,750
669979,PSC,MSP,1254
672379,MYR,BWI,399
673632,LGA,IND,660
674289,BWI,MYR,399
675757,MIA,CLE,1080
676814,DTW,ITH,353
677806,ALB,EWR,143
678623,CLE,MIA,1080
683556,BGR,DTW,750
684402,ITH,DTW,353
688681,GJT,ASE,89
689713,DTW,TYS,443
691224,TYS,DTW,443
692248,MSN,LGA,812
692494,CLT,MYR,157
693876,MYR,CLT,157
697681,FWA,MSP,488
711335,LGA,BGR,378
711876,BGR,LGA,378
737302,JAN,PIA,576
760229,CLT,DAB,416
762038,DAB,CLT,416
779632,MCO,PWM,1214
780005,MDW,PBI,1128
780757,MHT,FLL,1262
782793,PWM,MCO,1214
784025,PBI,MDW,1128
784475,FLL,MHT,1262
786737,IAD,ALB,325
790539,IAD,TTN,168
790907,LEX,DCA,414
792776,DCA,LEX,414
905118,PDX,FAT,626
916204,MEM,LAS,1416
918617,CVG,RDU,390
919052,DTW,CHS,667
920708,RDU,CVG,390
921857,CHS,DTW,667
922182,SDF,MSP,604
923300,CVG,BDL,661
926236,BDL,CVG,661
937094,CVG,MCI,539
941817,MCI,CVG,539
941895,CVG,PIT,256
943710,PIT,CVG,256
963333,MCI,MIA,1251
963714,AUS,MIA,1103
963950,SAT,MIA,1143
966762,KOA,SAN,2556
969631,IAH,ECP,572
972369,ECP,IAH,572
975878,SAN,KOA,2556
976169,CLT,SMF,2244
976800,MIA,MCI,1251
976933,IAH,PIA,802
977648,MIA,SLC,2088
977738,MIA,SAT,1143
977831,MIA,AUS,1103
979361,SMF,CLT,2244
979610,SLC,MIA,2088
980084,PIA,IAH,802
996279,LAS,MEM,1416
998253,PVD,PBI,1148
998867,PNS,MDW,781
998870,LAS,BDL,2297
999153,MSY,SAT,494
999341,SAT,MSY,494
999851,HOU,SJU,1997
1000035,TPA,DAY,828
1000366,PIT,PBI,952
1000693,MCI,RSW,1155
1001867,ALB,RSW,1205
1002191,DAL,ECP,674
1002320,ECP,STL,634
1002563,DAY,TPA,828
1002572,RSW,ALB,1205
1002957,STL,ECP,634
1003275,IND,LGA,660
1003352,ECP,DAL,674
1003425,STL,SAN,1557
1004396,SJU,HOU,1997
1005019,BDL,LAS,2297
1005678,SAN,STL,1557
1005833,RSW,MCI,1155
1006356,PBI,PIT,952
1007679,PBI,PVD,1148
1008163,MDW,PNS,781
1015440,RSW,ISP,1101
1019644,ISP,RSW,1101
1056028,BWI,CVG,430
1063771,TYS,LEX,157
1087186,MYR,PHL,473
1089725,PHL,MYR,473
1090362,ACY,BOS,274
1100783,BOS,ACY,274
1108138,MSP,BUF,735
1111828,TYS,CLL,801
1115936,ORF,DCA,143
1119763,MYR,CRW,356
1121588,CRW,MYR,356
1188761,MSP,SYR,860
1192716,SYR,MSP,860
1401507,MSP,PIA,342
1403529,BQN,FLL,982
1403541,FLL,CLT,632
1404057,OAK,SEA,672
1404146,SEA,OAK,672
1404320,MDW,FLL,1167
1404553,FLL,IAH,966
1404704,EVV,ORD,272
1404714,PIA,MSP,342
1404849,BUF,FLL,1166
1405194,FLL,LAX,2343
1405491,FLL,STL,1057
1405647,IAH,FLL,966
1405839,CMI,DFW,692
1405877,FLL,MDW,1167
1405897,DFW,MEM,431
1405936,CLT,FLL,632
1406136,MEM,DFW,431
1406577,FLL,SFO,2584
1406690,SFO,FLL,2584
1407211,ORD,EVV,272
1407419,OAK,BOI,512
1407626,BOI,OAK,512
1408546,LAX,FLL,2343
1408874,FLL,BUF,1166
1409211,STL,FLL,1057
1412481,CVG,RIC,413
1415750,RIC,CVG,413
1418737,DFW,CMI,692
1437207,FLL,BQN,982
1452187,CVG,BWI,430
1472630,LGA,AGS,678
1475768,AGS,LGA,678
1480396,IAH,AGS,821
1482599,BIL,COD,92
1484994,IND,PHL,588
1493216,JFK,PIT,340
1501113,ORF,MSP,1045
1512200,IAD,AUS,1297
1514698,MSP,GTF,887
1517035,GTF,MSP,887
1517576,SMF,DAL,1442
1518594,MEM,DAL,423
1518841,AUS,IAD,1297
1519139,DAL,MKE,850
1520259,DAL,SEA,1670
1520431,DAL,PDX,1626
1522737,DAL,MEM,423
1523453,LAS,JAX,1965
1523654,CMH,DCA,323
1523655,DAL,CMH,919
1523740,JAX,LAS,1965
1524472,PDX,DAL,1626
1524482,SEA,DAL,1670
1524693,DAL,IND,755
1525571,IND,DAL,755
1527420,SJC,DAL,1450
1527517,CMH,DAL,919
1527656,DCA,CMH,323
1529627,DAL,SJC,1450
1529791,DAL,SMF,1442
1530454,MKE,DAL,850
1568330,SAN,MKE,1739
1570147,HOU,RSW,853
1570692,DAL,CHS,977
1574198,CHS,DAL,977
1574210,MKE,SAN,1739
1576838,RSW,HOU,853
1630833,TTN,ORD,693
1632801,ORD,TTN,693
1646598,ACY,ATL,679
1647601,ORD,ACY,720
1647751,LBE,LAS,1954
1648447,IAH,OAK,1628
1648567,DFW,MYR,1048
1649128,DTW,ACY,497
1651329,OAK,IAH,1628
1652052,MYR,PBG,811
1652873,MYR,DFW,1048
1654884,PBG,MYR,811
1655407,CLE,MYR,557
1657739,ACY,DTW,497
1657816,ACY,ORD,720
1657903,MYR,CLE,557
1662192,ATL,ACY,679
1662553,LAS,LBE,1954
1714902,EWR,JFK,21
1838635,BNA,MOB,385
1870551,CVG,DCA,411
1873289,DCA,CVG,411
1882719,CLT,SDF,335
1883703,CLE,SEA,2021
1884845,SDF,CLT,335
1887792,LGA,MEM,963
1888562,SEA,CLE,2021
1890481,DSM,LGA,1031
1893123,SFO,OMA,1433
1894370,BOI,SEA,399
1895467,SEA,BOI,399
1903024,MSP,ALB,980
1906469,ALB,MSP,980
1911104,MCO,ABQ,1553
1913378,ABQ,MCO,1553
1916499,LGA,PWM,269
1919519,PWM,LGA,269
1921535,OMA,SFO,1433
1923472,HOU,SEA,1894
1925485,SEA,HOU,1894
1967963,SFO,SMX,216
1968751,SMX,SFO,216
1984670,FSD,LNK,189
1984910,MCI,LNK,152
1993095,JFK,ACK,199
1993303,ORD,LBE,459
1994881,ACK,JFK,199
1995118,DCA,PVD,356
1996610,LBE,ORD,459
1997201,PVD,DCA,356
1997951,PHL,PDX,2406
2001440,PDX,PHL,2406
2028504,EWR,OKC,1325
2052577,MCI,AUS,650
2105247,BOS,ACK,91
2106274,MSP,TVC,376
2106702,ACK,BOS,91
2106886,JFK,MVY,173
2108728,MVY,JFK,173
2109060,TVC,MSP,376
2112765,LGB,ANC,2360
2114987,ANC,LGB,2360
2123513,SGF,HYS,339
2127517,MSP,FAI,2466
2128045,SEA,SIT,861
2131041,FAI,MSP,2466
2133132,SIT,SEA,861
2222678,IAH,ANC,3266
2226688,BOS,OAK,2694
2229138,OAK,BOS,2694
2239323,ATL,ANC,3417
2244151,ANC,ATL,3417
2244621,SLC,ANC,2125
2246284,ANC,SLC,2125
2335086,JFK,RNO,2411
2338944,RNO,JFK,2411
2338960,TUL,AUS,426
2391198,ORD,PSP,1651
2391823,SLC,WYS,273
2393672,WYS,SLC,273
2395484,PSP,ORD,1651
2408198,SLC,XNA,1004
2412286,XNA,SLC,1004
2430567,LGA,MSN,812
2438168,MIA,JAX,335
2439858,IND,SLC,1355
2440087,JAX,MIA,335
2446658,DFW,ANC,3043
2447150,ORD,FAI,2785
2448334,SLC,IND,1355
2449087,PHL,SMF,2458
2449127,MSP,ORF,1045
2451607,FAI,ORD,2785
2451642,CLT,ABQ,1449
2451930,ANC,DFW,3043
2452377,LGA,ILM,500
2452657,SMF,PHL,2458
2453387,ABQ,CLT,1449
2454085,ILM,LGA,500
2462854,MSP,LEX,650
2466226,LEX,MSP,650
2474076,IAH,STT,2070
2475445,ATL,FCA,1842
2476343,IAH,RAP,1058
2476661,CLE,CHS,595
2478291,FCA,ATL,1842
2478795,RAP,IAH,1058
2479018,CHS,CLE,595
2480084,STT,IAH,2070
2488634,GEG,MDW,1511
2489196,LAX,OMA,1330
2489273,BWI,PDX,2358
2490046,ANC,DLG,329
2490064,OAK,BNA,1959
2490068,BNA,SEA,1978
2491118,SEA,BNA,1978
2492113,DLG,ANC,329
2492666,PDX,HOU,1843
2492743,PDX,BZN,554
2493127,PDX,BWI,2358
2493135,HOU,PDX,1843
2493624,BNA,OAK,1959
2493979,MDW,GEG,1511
2494765,MSY,OAK,1903
2494826,ANC,AKN,288
2494942,OAK,MSY,1903
2494944,OMA,LAX,1330
2495705,MDW,BOI,1448
2495769,JNU,GST,41
2496148,BZN,PDX,554
2496496,BOI,MDW,1448
2496777,AKN,ANC,288
2497087,GST,JNU,41
2586566,LGA,TVC,655
2589932,SLC,HOU,1214
2590422,LAS,MHT,2356
2591945,TVC,ATL,769
2592487,TPA,ORF,717
2592809,DEN,ALB,1610
2592974,MDW,PWM,895
2592995,ATL,TVC,769
2593717,MSP,IDA,939
2594259,ORF,TPA,717
2595002,TVC,LGA,655
2595482,PWM,MDW,895
2595639,IDA,MSP,939
2595719,MSN,CID,149
2599039,MHT,LAS,2356
2599727,ALB,DEN,1610
2601439,HOU,SLC,1214
2602347,MSN,CWA,114
2602454,FSD,LAR,482
2617523,SLC,MEM,1262
2622499,MEM,SLC,1262
2628716,MCI,DLH,536
2633286,OMA,DCA,1012
2640585,SWF,TPA,1047
2663108,BOS,MVY,70
2664542,MVY,BOS,70
2677782,JFK,HYA,196
2679591,HYA,JFK,196
2683681,BOS,SMF,2636
2687735,SMF,BOS,2636
2699608,DCA,ACK,405
2701730,ACK,DCA,405
2718797,ORD,COD,1077
2724186,COD,ORD,1077
2725551,EWR,MYR,550
2728349,MYR,EWR,550
2829779,LGA,BZN,1894
2833014,BZN,LGA,1894
2840820,PDX,AUS,1715
2841442,AUS,SNA,1209
2842181,IND,BOS,818
2843403,SNA,MDW,1731
2845449,BOS,IND,818
2846426,MSO,ORD,1332
2847179,AUS,STL,721
2849484,SNA,AUS,1209
2849991,STL,AUS,721
2850232,MDW,SNA,1731
2852540,AUS,PDX,1715
2894693,PDX,STL,1708
2895087,SEA,OKC,1519
2895895,DEN,OTH,1040
2898600,OTH,DEN,1040
2901259,STL,PDX,1708
2901623,OKC,SEA,1519
2911855,SFO,MSO,769
2915580,MSO,SFO,769
2921570,ORD,BIL,1060
2925050,BIL,ORD,1060
2937732,EWR,TVC,644
2940021,TVC,EWR,644
2948056,EWR,ANC,3370
2950797,ANC,EWR,3370
3069326,IAD,SAT,1362
3071257,SAT,IAD,1362
3181612,LFT,BHM,385
3203782,RST,CLE,569
3411311,DRO,PHX,353
3412950,DEN,DRO,250
3413775,PHX,DRO,353
3414533,DRO,DEN,250
3443695,MEM,LGA,963
3480403,DCA,HSV,613
3481995,HSV,DCA,613
3490132,DCA,RDU,227
3491732,RDU,DCA,227
3493698,DCA,SYR,298
3495093,SYR,DCA,298
3537231,DCA,PNS,816
3538967,PNS,DCA,816
3542253,DCA,GSP,396
3544272,OMA,DAL,585
3544861,SLC,DAL,999
3544933,RDU,DAL,1052
3545239,BOS,CMH,640
3545710,CMH,OAK,2110
3546233,CMH,BOS,640
3546238,DTW,DAL,981
3546254,GSP,DCA,396
3547173,DAL,BOS,1554
3547613,DAL,PHL,1295
3548785,DAL,CLT,926
3549063,DAL,PIT,1060
3550369,OAK,CMH,2110
3552357,BOS,DAL,1554
3552368,PHL,DAL,1295
3552792,CLT,DAL,926
3553166,PIT,DAL,1060
3553397,DCA,SDF,474
3555667,DAL,RDU,1052
3555768,SDF,DCA,474
3555829,DAL,DTW,981
3555909,DAL,SLC,999
3556343,DAL,OMA,585
3654277,SAV,BQK,62
3691195,CHS,OKC,1020
3691388,SBN,COS,990
3693510,PHL,PVD,237
3696331,PVD,PHL,237
3699548,DCA,PWM,482
3702016,PWM,DCA,482
3778392,BOI,PDX,344
3782865,DCA,HPN,234
3784693,HPN,DCA,234
3787419,FAT,SAN,314
3789109,SAN,FAT,314
3789823,SBN,CVG,203
3796807,FAT,PDX,626
3806488,GSP,RIC,328
3889431,FCA,MSO,97
3891189,LAX,MSN,1687
3892868,SFO,MSN,1772
3895498,BOS,MSN,932
3897771,IAH,MSN,966
3899155,IAD,MSN,684
3932662,IND,RDU,489
3963423,MSN,BOS,932
3965146,MSN,IAH,966
3966321,MSN,LAX,1687
3968021,MSN,SFO,1772
4002521,SBN,IAH,953
4102302,PHL,RIC,198
4102577,RIC,PHL,198
4174094,EWR,PHL,80
4329913,PHX,LGB,355
4331873,LGB,PHX,355
4871953,CHO,ORD,566
4871996,CWA,ORD,213
4872106,CLE,ORD,316
4872350,EAU,ORD,269
4872353,CMX,ORD,360
4872366,ORD,CLE,316
4872420,CVG,ORD,264
4872617,TYS,DFW,771
4872729,CAK,EWR,382
4872759,AUS,ORD,977
4872918,ABE,ORD,655
4873031,ORD,CVG,264
4873201,GSP,ORD,577
4873316,BDL,PHL,196
4873365,ORD,AUS,977
4873368,CAE,ORD,666
4873654,BUF,ORD,474
4873808,XNA,SFO,1550
4873814,ORD,BUF,474
4874192,DFW,TYS,771
4874294,ORD,CHO,566
4874354,IAD,ORD,588
4874618,SEA,RDU,2354
4874653,ORD,SDF,286
4875380,ORD,EAU,269
4875397,PHL,CHS,550
4876308,ORD,CMX,360
4876529,ORD,IAD,588
4876684,ORD,GSP,577
4876802,SEA,PSC,172
4877742,SDF,ORD,286
4877852,CHS,PHL,550
4878252,ORD,CWA,213
4878758,PSC,SEA,172
4878924,EWR,CAK,382
4879294,SFO,XNA,1550
4879647,ORD,ABE,655
4879742,ORD,CAE,666
4880124,MOB,ORD,778
4883659,RDU,SEA,2354
4884913,ORD,MOB,778
4885715,PDX,BOI,344
4886453,PHL,BDL,196
4904082,PLN,CIU,49
4938234,SGF,CLT,708
4942546,CLT,SGF,708
4942805,MSP,HNL,3972
4949337,HNL,MSP,3972
4970278,TUS,HOU,945
4975361,HOU,TUS,945
5090536,CHS,ABE,592
5095991,CAK,LAS,1846
5099009,LAS,CAK,1846
5111792,SEA,CHS,2415
5121381,CHS,SEA,2415
5148349,GSO,CRW,181
5163767,FLL,CHS,470
5167001,CHS,FLL,470
5202615,LBB,AMA,107
5205038,MCI,SNA,1342
5207171,SNA,STL,1569
5213077,STL,SNA,1569
5215740,SNA,MCI,1342
5235120,MIA,PBI,62
5241089,HOU,LBB,474
5243036,LBB,HOU,474
5299037,IAH,BDL,1507
5307802,BDL,IAH,1507
5312234,DTW,CRW,281
5313846,CRW,DTW,281
5320465,TPA,SLC,1888
5322889,SLC,TPA,1888
5324864,RDU,IND,489
5342403,DSM,PHX,1150
5344740,JNU,YAK,198
5345009,DTW,DSM,533
5346428,DSM,DTW,533
5347652,PHX,DSM,1150
5352793,YAK,JNU,198
5411694,MEM,AUS,559
5413488,AUS,MEM,559
5421750,CWA,ATW,67
5426991,CLE,SCE,213
5437069,STL,PIA,137
5504677,EUG,BOI,351
5522890,BOI,EUG,351
5545183,SWF,PBI,1077
5551575,GCC,RAP,125
5606912,TPA,SFO,2393
5608551,OAK,FLL,2576
5617499,LGA,DSM,1031
5620066,BIL,SEA,664
5620714,MSO,SEA,389
5623431,LGA,MTJ,1810
5626968,EGE,SLC,279
5627107,MTJ,LGA,1810
5629263,DTW,MQT,349
5630874,MQT,DTW,349
5632978,SEA,BIL,664
5634025,SEA,MSO,389
5672254,GRK,MEI,542
5693081,CRP,ATL,876
5700787,SWF,RSW,1120
5715573,ORD,GJT,1100
5716341,ATL,GJT,1391
5789445,MSN,SAN,1672
5793939,MIA,GSP,637
5794480,OKC,FLL,1218
5796607,GSP,MIA,637
5799339,MIA,OKC,1222
5801064,LRD,HRL,144
5802350,OKC,MIA,1222
5814476,CID,LAX,1550
